total_m2,buildings_m2,deduction_m2,literal_area_m2,literal_monthly_normative_income_soum,negative_literal_area,proposed_zero_floor_area_m2,proposed_zero_floor_monthly_income_soum
100,0,20,80,38080,False,80,38080
100,1,20,79,37604,False,79,37604
100,2,20,78,37128,False,78,37128
100,3,20,77,36652,False,77,36652
100,4,20,76,36176,False,76,36176
100,5,20,75,35700,False,75,35700
100,6,20,74,35224,False,74,35224
100,7,20,73,34748,False,73,34748
100,8,20,72,34272,False,72,34272
100,9,20,71,33796,False,71,33796
100,10,20,70,33320,False,70,33320
100,11,20,69,32844,False,69,32844
100,12,20,68,32368,False,68,32368
100,13,20,67,31892,False,67,31892
100,14,20,66,31416,False,66,31416
100,15,20,65,30940,False,65,30940
100,16,20,64,30464,False,64,30464
100,17,20,63,29988,False,63,29988
100,18,20,62,29512,False,62,29512
100,19,20,61,29036,False,61,29036
100,20,20,60,28560,False,60,28560
100,21,20,59,28084,False,59,28084
100,22,20,58,27608,False,58,27608
100,23,20,57,27132,False,57,27132
100,24,20,56,26656,False,56,26656
100,25,20,55,26180,False,55,26180
100,26,20,54,25704,False,54,25704
100,27,20,53,25228,False,53,25228
100,28,20,52,24752,False,52,24752
100,29,20,51,24276,False,51,24276
100,30,20,50,23800,False,50,23800
100,31,20,49,23324,False,49,23324
100,32,20,48,22848,False,48,22848
100,33,20,47,22372,False,47,22372
100,34,20,46,21896,False,46,21896
100,35,20,45,21420,False,45,21420
100,36,20,44,20944,False,44,20944
100,37,20,43,20468,False,43,20468
100,38,20,42,19992,False,42,19992
100,39,20,41,19516,False,41,19516
100,40,20,40,19040,False,40,19040
100,41,20,39,18564,False,39,18564
100,42,20,38,18088,False,38,18088
100,43,20,37,17612,False,37,17612
100,44,20,36,17136,False,36,17136
100,45,20,35,16660,False,35,16660
100,46,20,34,16184,False,34,16184
100,47,20,33,15708,False,33,15708
100,48,20,32,15232,False,32,15232
100,49,20,31,14756,False,31,14756
100,50,20,30,14280,False,30,14280
100,51,20,29,13804,False,29,13804
100,52,20,28,13328,False,28,13328
100,53,20,27,12852,False,27,12852
100,54,20,26,12376,False,26,12376
100,55,20,25,11900,False,25,11900
100,56,20,24,11424,False,24,11424
100,57,20,23,10948,False,23,10948
100,58,20,22,10472,False,22,10472
100,59,20,21,9996,False,21,9996
100,60,20,20,9520,False,20,9520
100,61,20,19,9044,False,19,9044
100,62,20,18,8568,False,18,8568
100,63,20,17,8092,False,17,8092
100,64,20,16,7616,False,16,7616
100,65,20,15,7140,False,15,7140
100,66,20,14,6664,False,14,6664
100,67,20,13,6188,False,13,6188
100,68,20,12,5712,False,12,5712
100,69,20,11,5236,False,11,5236
100,70,20,10,4760,False,10,4760
100,71,20,9,4284,False,9,4284
100,72,20,8,3808,False,8,3808
100,73,20,7,3332,False,7,3332
100,74,20,6,2856,False,6,2856
100,75,20,5,2380,False,5,2380
100,76,20,4,1904,False,4,1904
100,77,20,3,1428,False,3,1428
100,78,20,2,952,False,2,952
100,79,20,1,476,False,1,476
100,80,20,0,0,False,0,0
100,81,20,-1,-476,True,0,0
100,82,20,-2,-952,True,0,0
100,83,20,-3,-1428,True,0,0
100,84,20,-4,-1904,True,0,0
100,85,20,-5,-2380,True,0,0
100,86,20,-6,-2856,True,0,0
100,87,20,-7,-3332,True,0,0
100,88,20,-8,-3808,True,0,0
100,89,20,-9,-4284,True,0,0
100,90,20,-10,-4760,True,0,0
100,91,20,-11,-5236,True,0,0
100,92,20,-12,-5712,True,0,0
100,93,20,-13,-6188,True,0,0
100,94,20,-14,-6664,True,0,0
100,95,20,-15,-7140,True,0,0
100,96,20,-16,-7616,True,0,0
100,97,20,-17,-8092,True,0,0
100,98,20,-18,-8568,True,0,0
100,99,20,-19,-9044,True,0,0
100,100,20,-20,-9520,True,0,0
1000,0,200,800,380800,False,800,380800
1000,1,200,799,380324,False,799,380324
1000,2,200,798,379848,False,798,379848
1000,3,200,797,379372,False,797,379372
1000,4,200,796,378896,False,796,378896
1000,5,200,795,378420,False,795,378420
1000,6,200,794,377944,False,794,377944
1000,7,200,793,377468,False,793,377468
1000,8,200,792,376992,False,792,376992
1000,9,200,791,376516,False,791,376516
1000,10,200,790,376040,False,790,376040
1000,11,200,789,375564,False,789,375564
1000,12,200,788,375088,False,788,375088
1000,13,200,787,374612,False,787,374612
1000,14,200,786,374136,False,786,374136
1000,15,200,785,373660,False,785,373660
1000,16,200,784,373184,False,784,373184
1000,17,200,783,372708,False,783,372708
1000,18,200,782,372232,False,782,372232
1000,19,200,781,371756,False,781,371756
1000,20,200,780,371280,False,780,371280
1000,21,200,779,370804,False,779,370804
1000,22,200,778,370328,False,778,370328
1000,23,200,777,369852,False,777,369852
1000,24,200,776,369376,False,776,369376
1000,25,200,775,368900,False,775,368900
1000,26,200,774,368424,False,774,368424
1000,27,200,773,367948,False,773,367948
1000,28,200,772,367472,False,772,367472
1000,29,200,771,366996,False,771,366996
1000,30,200,770,366520,False,770,366520
1000,31,200,769,366044,False,769,366044
1000,32,200,768,365568,False,768,365568
1000,33,200,767,365092,False,767,365092
1000,34,200,766,364616,False,766,364616
1000,35,200,765,364140,False,765,364140
1000,36,200,764,363664,False,764,363664
1000,37,200,763,363188,False,763,363188
1000,38,200,762,362712,False,762,362712
1000,39,200,761,362236,False,761,362236
1000,40,200,760,361760,False,760,361760
1000,41,200,759,361284,False,759,361284
1000,42,200,758,360808,False,758,360808
1000,43,200,757,360332,False,757,360332
1000,44,200,756,359856,False,756,359856
1000,45,200,755,359380,False,755,359380
1000,46,200,754,358904,False,754,358904
1000,47,200,753,358428,False,753,358428
1000,48,200,752,357952,False,752,357952
1000,49,200,751,357476,False,751,357476
1000,50,200,750,357000,False,750,357000
1000,51,200,749,356524,False,749,356524
1000,52,200,748,356048,False,748,356048
1000,53,200,747,355572,False,747,355572
1000,54,200,746,355096,False,746,355096
1000,55,200,745,354620,False,745,354620
1000,56,200,744,354144,False,744,354144
1000,57,200,743,353668,False,743,353668
1000,58,200,742,353192,False,742,353192
1000,59,200,741,352716,False,741,352716
1000,60,200,740,352240,False,740,352240
1000,61,200,739,351764,False,739,351764
1000,62,200,738,351288,False,738,351288
1000,63,200,737,350812,False,737,350812
1000,64,200,736,350336,False,736,350336
1000,65,200,735,349860,False,735,349860
1000,66,200,734,349384,False,734,349384
1000,67,200,733,348908,False,733,348908
1000,68,200,732,348432,False,732,348432
1000,69,200,731,347956,False,731,347956
1000,70,200,730,347480,False,730,347480
1000,71,200,729,347004,False,729,347004
1000,72,200,728,346528,False,728,346528
1000,73,200,727,346052,False,727,346052
1000,74,200,726,345576,False,726,345576
1000,75,200,725,345100,False,725,345100
1000,76,200,724,344624,False,724,344624
1000,77,200,723,344148,False,723,344148
1000,78,200,722,343672,False,722,343672
1000,79,200,721,343196,False,721,343196
1000,80,200,720,342720,False,720,342720
1000,81,200,719,342244,False,719,342244
1000,82,200,718,341768,False,718,341768
1000,83,200,717,341292,False,717,341292
1000,84,200,716,340816,False,716,340816
1000,85,200,715,340340,False,715,340340
1000,86,200,714,339864,False,714,339864
1000,87,200,713,339388,False,713,339388
1000,88,200,712,338912,False,712,338912
1000,89,200,711,338436,False,711,338436
1000,90,200,710,337960,False,710,337960
1000,91,200,709,337484,False,709,337484
1000,92,200,708,337008,False,708,337008
1000,93,200,707,336532,False,707,336532
1000,94,200,706,336056,False,706,336056
1000,95,200,705,335580,False,705,335580
1000,96,200,704,335104,False,704,335104
1000,97,200,703,334628,False,703,334628
1000,98,200,702,334152,False,702,334152
1000,99,200,701,333676,False,701,333676
1000,100,200,700,333200,False,700,333200
1000,101,200,699,332724,False,699,332724
1000,102,200,698,332248,False,698,332248
1000,103,200,697,331772,False,697,331772
1000,104,200,696,331296,False,696,331296
1000,105,200,695,330820,False,695,330820
1000,106,200,694,330344,False,694,330344
1000,107,200,693,329868,False,693,329868
1000,108,200,692,329392,False,692,329392
1000,109,200,691,328916,False,691,328916
1000,110,200,690,328440,False,690,328440
1000,111,200,689,327964,False,689,327964
1000,112,200,688,327488,False,688,327488
1000,113,200,687,327012,False,687,327012
1000,114,200,686,326536,False,686,326536
1000,115,200,685,326060,False,685,326060
1000,116,200,684,325584,False,684,325584
1000,117,200,683,325108,False,683,325108
1000,118,200,682,324632,False,682,324632
1000,119,200,681,324156,False,681,324156
1000,120,200,680,323680,False,680,323680
1000,121,200,679,323204,False,679,323204
1000,122,200,678,322728,False,678,322728
1000,123,200,677,322252,False,677,322252
1000,124,200,676,321776,False,676,321776
1000,125,200,675,321300,False,675,321300
1000,126,200,674,320824,False,674,320824
1000,127,200,673,320348,False,673,320348
1000,128,200,672,319872,False,672,319872
1000,129,200,671,319396,False,671,319396
1000,130,200,670,318920,False,670,318920
1000,131,200,669,318444,False,669,318444
1000,132,200,668,317968,False,668,317968
1000,133,200,667,317492,False,667,317492
1000,134,200,666,317016,False,666,317016
1000,135,200,665,316540,False,665,316540
1000,136,200,664,316064,False,664,316064
1000,137,200,663,315588,False,663,315588
1000,138,200,662,315112,False,662,315112
1000,139,200,661,314636,False,661,314636
1000,140,200,660,314160,False,660,314160
1000,141,200,659,313684,False,659,313684
1000,142,200,658,313208,False,658,313208
1000,143,200,657,312732,False,657,312732
1000,144,200,656,312256,False,656,312256
1000,145,200,655,311780,False,655,311780
1000,146,200,654,311304,False,654,311304
1000,147,200,653,310828,False,653,310828
1000,148,200,652,310352,False,652,310352
1000,149,200,651,309876,False,651,309876
1000,150,200,650,309400,False,650,309400
1000,151,200,649,308924,False,649,308924
1000,152,200,648,308448,False,648,308448
1000,153,200,647,307972,False,647,307972
1000,154,200,646,307496,False,646,307496
1000,155,200,645,307020,False,645,307020
1000,156,200,644,306544,False,644,306544
1000,157,200,643,306068,False,643,306068
1000,158,200,642,305592,False,642,305592
1000,159,200,641,305116,False,641,305116
1000,160,200,640,304640,False,640,304640
1000,161,200,639,304164,False,639,304164
1000,162,200,638,303688,False,638,303688
1000,163,200,637,303212,False,637,303212
1000,164,200,636,302736,False,636,302736
1000,165,200,635,302260,False,635,302260
1000,166,200,634,301784,False,634,301784
1000,167,200,633,301308,False,633,301308
1000,168,200,632,300832,False,632,300832
1000,169,200,631,300356,False,631,300356
1000,170,200,630,299880,False,630,299880
1000,171,200,629,299404,False,629,299404
1000,172,200,628,298928,False,628,298928
1000,173,200,627,298452,False,627,298452
1000,174,200,626,297976,False,626,297976
1000,175,200,625,297500,False,625,297500
1000,176,200,624,297024,False,624,297024
1000,177,200,623,296548,False,623,296548
1000,178,200,622,296072,False,622,296072
1000,179,200,621,295596,False,621,295596
1000,180,200,620,295120,False,620,295120
1000,181,200,619,294644,False,619,294644
1000,182,200,618,294168,False,618,294168
1000,183,200,617,293692,False,617,293692
1000,184,200,616,293216,False,616,293216
1000,185,200,615,292740,False,615,292740
1000,186,200,614,292264,False,614,292264
1000,187,200,613,291788,False,613,291788
1000,188,200,612,291312,False,612,291312
1000,189,200,611,290836,False,611,290836
1000,190,200,610,290360,False,610,290360
1000,191,200,609,289884,False,609,289884
1000,192,200,608,289408,False,608,289408
1000,193,200,607,288932,False,607,288932
1000,194,200,606,288456,False,606,288456
1000,195,200,605,287980,False,605,287980
1000,196,200,604,287504,False,604,287504
1000,197,200,603,287028,False,603,287028
1000,198,200,602,286552,False,602,286552
1000,199,200,601,286076,False,601,286076
1000,200,200,600,285600,False,600,285600
1000,201,200,599,285124,False,599,285124
1000,202,200,598,284648,False,598,284648
1000,203,200,597,284172,False,597,284172
1000,204,200,596,283696,False,596,283696
1000,205,200,595,283220,False,595,283220
1000,206,200,594,282744,False,594,282744
1000,207,200,593,282268,False,593,282268
1000,208,200,592,281792,False,592,281792
1000,209,200,591,281316,False,591,281316
1000,210,200,590,280840,False,590,280840
1000,211,200,589,280364,False,589,280364
1000,212,200,588,279888,False,588,279888
1000,213,200,587,279412,False,587,279412
1000,214,200,586,278936,False,586,278936
1000,215,200,585,278460,False,585,278460
1000,216,200,584,277984,False,584,277984
1000,217,200,583,277508,False,583,277508
1000,218,200,582,277032,False,582,277032
1000,219,200,581,276556,False,581,276556
1000,220,200,580,276080,False,580,276080
1000,221,200,579,275604,False,579,275604
1000,222,200,578,275128,False,578,275128
1000,223,200,577,274652,False,577,274652
1000,224,200,576,274176,False,576,274176
1000,225,200,575,273700,False,575,273700
1000,226,200,574,273224,False,574,273224
1000,227,200,573,272748,False,573,272748
1000,228,200,572,272272,False,572,272272
1000,229,200,571,271796,False,571,271796
1000,230,200,570,271320,False,570,271320
1000,231,200,569,270844,False,569,270844
1000,232,200,568,270368,False,568,270368
1000,233,200,567,269892,False,567,269892
1000,234,200,566,269416,False,566,269416
1000,235,200,565,268940,False,565,268940
1000,236,200,564,268464,False,564,268464
1000,237,200,563,267988,False,563,267988
1000,238,200,562,267512,False,562,267512
1000,239,200,561,267036,False,561,267036
1000,240,200,560,266560,False,560,266560
1000,241,200,559,266084,False,559,266084
1000,242,200,558,265608,False,558,265608
1000,243,200,557,265132,False,557,265132
1000,244,200,556,264656,False,556,264656
1000,245,200,555,264180,False,555,264180
1000,246,200,554,263704,False,554,263704
1000,247,200,553,263228,False,553,263228
1000,248,200,552,262752,False,552,262752
1000,249,200,551,262276,False,551,262276
1000,250,200,550,261800,False,550,261800
1000,251,200,549,261324,False,549,261324
1000,252,200,548,260848,False,548,260848
1000,253,200,547,260372,False,547,260372
1000,254,200,546,259896,False,546,259896
1000,255,200,545,259420,False,545,259420
1000,256,200,544,258944,False,544,258944
1000,257,200,543,258468,False,543,258468
1000,258,200,542,257992,False,542,257992
1000,259,200,541,257516,False,541,257516
1000,260,200,540,257040,False,540,257040
1000,261,200,539,256564,False,539,256564
1000,262,200,538,256088,False,538,256088
1000,263,200,537,255612,False,537,255612
1000,264,200,536,255136,False,536,255136
1000,265,200,535,254660,False,535,254660
1000,266,200,534,254184,False,534,254184
1000,267,200,533,253708,False,533,253708
1000,268,200,532,253232,False,532,253232
1000,269,200,531,252756,False,531,252756
1000,270,200,530,252280,False,530,252280
1000,271,200,529,251804,False,529,251804
1000,272,200,528,251328,False,528,251328
1000,273,200,527,250852,False,527,250852
1000,274,200,526,250376,False,526,250376
1000,275,200,525,249900,False,525,249900
1000,276,200,524,249424,False,524,249424
1000,277,200,523,248948,False,523,248948
1000,278,200,522,248472,False,522,248472
1000,279,200,521,247996,False,521,247996
1000,280,200,520,247520,False,520,247520
1000,281,200,519,247044,False,519,247044
1000,282,200,518,246568,False,518,246568
1000,283,200,517,246092,False,517,246092
1000,284,200,516,245616,False,516,245616
1000,285,200,515,245140,False,515,245140
1000,286,200,514,244664,False,514,244664
1000,287,200,513,244188,False,513,244188
1000,288,200,512,243712,False,512,243712
1000,289,200,511,243236,False,511,243236
1000,290,200,510,242760,False,510,242760
1000,291,200,509,242284,False,509,242284
1000,292,200,508,241808,False,508,241808
1000,293,200,507,241332,False,507,241332
1000,294,200,506,240856,False,506,240856
1000,295,200,505,240380,False,505,240380
1000,296,200,504,239904,False,504,239904
1000,297,200,503,239428,False,503,239428
1000,298,200,502,238952,False,502,238952
1000,299,200,501,238476,False,501,238476
1000,300,200,500,238000,False,500,238000
1000,301,200,499,237524,False,499,237524
1000,302,200,498,237048,False,498,237048
1000,303,200,497,236572,False,497,236572
1000,304,200,496,236096,False,496,236096
1000,305,200,495,235620,False,495,235620
1000,306,200,494,235144,False,494,235144
1000,307,200,493,234668,False,493,234668
1000,308,200,492,234192,False,492,234192
1000,309,200,491,233716,False,491,233716
1000,310,200,490,233240,False,490,233240
1000,311,200,489,232764,False,489,232764
1000,312,200,488,232288,False,488,232288
1000,313,200,487,231812,False,487,231812
1000,314,200,486,231336,False,486,231336
1000,315,200,485,230860,False,485,230860
1000,316,200,484,230384,False,484,230384
1000,317,200,483,229908,False,483,229908
1000,318,200,482,229432,False,482,229432
1000,319,200,481,228956,False,481,228956
1000,320,200,480,228480,False,480,228480
1000,321,200,479,228004,False,479,228004
1000,322,200,478,227528,False,478,227528
1000,323,200,477,227052,False,477,227052
1000,324,200,476,226576,False,476,226576
1000,325,200,475,226100,False,475,226100
1000,326,200,474,225624,False,474,225624
1000,327,200,473,225148,False,473,225148
1000,328,200,472,224672,False,472,224672
1000,329,200,471,224196,False,471,224196
1000,330,200,470,223720,False,470,223720
1000,331,200,469,223244,False,469,223244
1000,332,200,468,222768,False,468,222768
1000,333,200,467,222292,False,467,222292
1000,334,200,466,221816,False,466,221816
1000,335,200,465,221340,False,465,221340
1000,336,200,464,220864,False,464,220864
1000,337,200,463,220388,False,463,220388
1000,338,200,462,219912,False,462,219912
1000,339,200,461,219436,False,461,219436
1000,340,200,460,218960,False,460,218960
1000,341,200,459,218484,False,459,218484
1000,342,200,458,218008,False,458,218008
1000,343,200,457,217532,False,457,217532
1000,344,200,456,217056,False,456,217056
1000,345,200,455,216580,False,455,216580
1000,346,200,454,216104,False,454,216104
1000,347,200,453,215628,False,453,215628
1000,348,200,452,215152,False,452,215152
1000,349,200,451,214676,False,451,214676
1000,350,200,450,214200,False,450,214200
1000,351,200,449,213724,False,449,213724
1000,352,200,448,213248,False,448,213248
1000,353,200,447,212772,False,447,212772
1000,354,200,446,212296,False,446,212296
1000,355,200,445,211820,False,445,211820
1000,356,200,444,211344,False,444,211344
1000,357,200,443,210868,False,443,210868
1000,358,200,442,210392,False,442,210392
1000,359,200,441,209916,False,441,209916
1000,360,200,440,209440,False,440,209440
1000,361,200,439,208964,False,439,208964
1000,362,200,438,208488,False,438,208488
1000,363,200,437,208012,False,437,208012
1000,364,200,436,207536,False,436,207536
1000,365,200,435,207060,False,435,207060
1000,366,200,434,206584,False,434,206584
1000,367,200,433,206108,False,433,206108
1000,368,200,432,205632,False,432,205632
1000,369,200,431,205156,False,431,205156
1000,370,200,430,204680,False,430,204680
1000,371,200,429,204204,False,429,204204
1000,372,200,428,203728,False,428,203728
1000,373,200,427,203252,False,427,203252
1000,374,200,426,202776,False,426,202776
1000,375,200,425,202300,False,425,202300
1000,376,200,424,201824,False,424,201824
1000,377,200,423,201348,False,423,201348
1000,378,200,422,200872,False,422,200872
1000,379,200,421,200396,False,421,200396
1000,380,200,420,199920,False,420,199920
1000,381,200,419,199444,False,419,199444
1000,382,200,418,198968,False,418,198968
1000,383,200,417,198492,False,417,198492
1000,384,200,416,198016,False,416,198016
1000,385,200,415,197540,False,415,197540
1000,386,200,414,197064,False,414,197064
1000,387,200,413,196588,False,413,196588
1000,388,200,412,196112,False,412,196112
1000,389,200,411,195636,False,411,195636
1000,390,200,410,195160,False,410,195160
1000,391,200,409,194684,False,409,194684
1000,392,200,408,194208,False,408,194208
1000,393,200,407,193732,False,407,193732
1000,394,200,406,193256,False,406,193256
1000,395,200,405,192780,False,405,192780
1000,396,200,404,192304,False,404,192304
1000,397,200,403,191828,False,403,191828
1000,398,200,402,191352,False,402,191352
1000,399,200,401,190876,False,401,190876
1000,400,200,400,190400,False,400,190400
1000,401,200,399,189924,False,399,189924
1000,402,200,398,189448,False,398,189448
1000,403,200,397,188972,False,397,188972
1000,404,200,396,188496,False,396,188496
1000,405,200,395,188020,False,395,188020
1000,406,200,394,187544,False,394,187544
1000,407,200,393,187068,False,393,187068
1000,408,200,392,186592,False,392,186592
1000,409,200,391,186116,False,391,186116
1000,410,200,390,185640,False,390,185640
1000,411,200,389,185164,False,389,185164
1000,412,200,388,184688,False,388,184688
1000,413,200,387,184212,False,387,184212
1000,414,200,386,183736,False,386,183736
1000,415,200,385,183260,False,385,183260
1000,416,200,384,182784,False,384,182784
1000,417,200,383,182308,False,383,182308
1000,418,200,382,181832,False,382,181832
1000,419,200,381,181356,False,381,181356
1000,420,200,380,180880,False,380,180880
1000,421,200,379,180404,False,379,180404
1000,422,200,378,179928,False,378,179928
1000,423,200,377,179452,False,377,179452
1000,424,200,376,178976,False,376,178976
1000,425,200,375,178500,False,375,178500
1000,426,200,374,178024,False,374,178024
1000,427,200,373,177548,False,373,177548
1000,428,200,372,177072,False,372,177072
1000,429,200,371,176596,False,371,176596
1000,430,200,370,176120,False,370,176120
1000,431,200,369,175644,False,369,175644
1000,432,200,368,175168,False,368,175168
1000,433,200,367,174692,False,367,174692
1000,434,200,366,174216,False,366,174216
1000,435,200,365,173740,False,365,173740
1000,436,200,364,173264,False,364,173264
1000,437,200,363,172788,False,363,172788
1000,438,200,362,172312,False,362,172312
1000,439,200,361,171836,False,361,171836
1000,440,200,360,171360,False,360,171360
1000,441,200,359,170884,False,359,170884
1000,442,200,358,170408,False,358,170408
1000,443,200,357,169932,False,357,169932
1000,444,200,356,169456,False,356,169456
1000,445,200,355,168980,False,355,168980
1000,446,200,354,168504,False,354,168504
1000,447,200,353,168028,False,353,168028
1000,448,200,352,167552,False,352,167552
1000,449,200,351,167076,False,351,167076
1000,450,200,350,166600,False,350,166600
1000,451,200,349,166124,False,349,166124
1000,452,200,348,165648,False,348,165648
1000,453,200,347,165172,False,347,165172
1000,454,200,346,164696,False,346,164696
1000,455,200,345,164220,False,345,164220
1000,456,200,344,163744,False,344,163744
1000,457,200,343,163268,False,343,163268
1000,458,200,342,162792,False,342,162792
1000,459,200,341,162316,False,341,162316
1000,460,200,340,161840,False,340,161840
1000,461,200,339,161364,False,339,161364
1000,462,200,338,160888,False,338,160888
1000,463,200,337,160412,False,337,160412
1000,464,200,336,159936,False,336,159936
1000,465,200,335,159460,False,335,159460
1000,466,200,334,158984,False,334,158984
1000,467,200,333,158508,False,333,158508
1000,468,200,332,158032,False,332,158032
1000,469,200,331,157556,False,331,157556
1000,470,200,330,157080,False,330,157080
1000,471,200,329,156604,False,329,156604
1000,472,200,328,156128,False,328,156128
1000,473,200,327,155652,False,327,155652
1000,474,200,326,155176,False,326,155176
1000,475,200,325,154700,False,325,154700
1000,476,200,324,154224,False,324,154224
1000,477,200,323,153748,False,323,153748
1000,478,200,322,153272,False,322,153272
1000,479,200,321,152796,False,321,152796
1000,480,200,320,152320,False,320,152320
1000,481,200,319,151844,False,319,151844
1000,482,200,318,151368,False,318,151368
1000,483,200,317,150892,False,317,150892
1000,484,200,316,150416,False,316,150416
1000,485,200,315,149940,False,315,149940
1000,486,200,314,149464,False,314,149464
1000,487,200,313,148988,False,313,148988
1000,488,200,312,148512,False,312,148512
1000,489,200,311,148036,False,311,148036
1000,490,200,310,147560,False,310,147560
1000,491,200,309,147084,False,309,147084
1000,492,200,308,146608,False,308,146608
1000,493,200,307,146132,False,307,146132
1000,494,200,306,145656,False,306,145656
1000,495,200,305,145180,False,305,145180
1000,496,200,304,144704,False,304,144704
1000,497,200,303,144228,False,303,144228
1000,498,200,302,143752,False,302,143752
1000,499,200,301,143276,False,301,143276
1000,500,200,300,142800,False,300,142800
1000,501,200,299,142324,False,299,142324
1000,502,200,298,141848,False,298,141848
1000,503,200,297,141372,False,297,141372
1000,504,200,296,140896,False,296,140896
1000,505,200,295,140420,False,295,140420
1000,506,200,294,139944,False,294,139944
1000,507,200,293,139468,False,293,139468
1000,508,200,292,138992,False,292,138992
1000,509,200,291,138516,False,291,138516
1000,510,200,290,138040,False,290,138040
1000,511,200,289,137564,False,289,137564
1000,512,200,288,137088,False,288,137088
1000,513,200,287,136612,False,287,136612
1000,514,200,286,136136,False,286,136136
1000,515,200,285,135660,False,285,135660
1000,516,200,284,135184,False,284,135184
1000,517,200,283,134708,False,283,134708
1000,518,200,282,134232,False,282,134232
1000,519,200,281,133756,False,281,133756
1000,520,200,280,133280,False,280,133280
1000,521,200,279,132804,False,279,132804
1000,522,200,278,132328,False,278,132328
1000,523,200,277,131852,False,277,131852
1000,524,200,276,131376,False,276,131376
1000,525,200,275,130900,False,275,130900
1000,526,200,274,130424,False,274,130424
1000,527,200,273,129948,False,273,129948
1000,528,200,272,129472,False,272,129472
1000,529,200,271,128996,False,271,128996
1000,530,200,270,128520,False,270,128520
1000,531,200,269,128044,False,269,128044
1000,532,200,268,127568,False,268,127568
1000,533,200,267,127092,False,267,127092
1000,534,200,266,126616,False,266,126616
1000,535,200,265,126140,False,265,126140
1000,536,200,264,125664,False,264,125664
1000,537,200,263,125188,False,263,125188
1000,538,200,262,124712,False,262,124712
1000,539,200,261,124236,False,261,124236
1000,540,200,260,123760,False,260,123760
1000,541,200,259,123284,False,259,123284
1000,542,200,258,122808,False,258,122808
1000,543,200,257,122332,False,257,122332
1000,544,200,256,121856,False,256,121856
1000,545,200,255,121380,False,255,121380
1000,546,200,254,120904,False,254,120904
1000,547,200,253,120428,False,253,120428
1000,548,200,252,119952,False,252,119952
1000,549,200,251,119476,False,251,119476
1000,550,200,250,119000,False,250,119000
1000,551,200,249,118524,False,249,118524
1000,552,200,248,118048,False,248,118048
1000,553,200,247,117572,False,247,117572
1000,554,200,246,117096,False,246,117096
1000,555,200,245,116620,False,245,116620
1000,556,200,244,116144,False,244,116144
1000,557,200,243,115668,False,243,115668
1000,558,200,242,115192,False,242,115192
1000,559,200,241,114716,False,241,114716
1000,560,200,240,114240,False,240,114240
1000,561,200,239,113764,False,239,113764
1000,562,200,238,113288,False,238,113288
1000,563,200,237,112812,False,237,112812
1000,564,200,236,112336,False,236,112336
1000,565,200,235,111860,False,235,111860
1000,566,200,234,111384,False,234,111384
1000,567,200,233,110908,False,233,110908
1000,568,200,232,110432,False,232,110432
1000,569,200,231,109956,False,231,109956
1000,570,200,230,109480,False,230,109480
1000,571,200,229,109004,False,229,109004
1000,572,200,228,108528,False,228,108528
1000,573,200,227,108052,False,227,108052
1000,574,200,226,107576,False,226,107576
1000,575,200,225,107100,False,225,107100
1000,576,200,224,106624,False,224,106624
1000,577,200,223,106148,False,223,106148
1000,578,200,222,105672,False,222,105672
1000,579,200,221,105196,False,221,105196
1000,580,200,220,104720,False,220,104720
1000,581,200,219,104244,False,219,104244
1000,582,200,218,103768,False,218,103768
1000,583,200,217,103292,False,217,103292
1000,584,200,216,102816,False,216,102816
1000,585,200,215,102340,False,215,102340
1000,586,200,214,101864,False,214,101864
1000,587,200,213,101388,False,213,101388
1000,588,200,212,100912,False,212,100912
1000,589,200,211,100436,False,211,100436
1000,590,200,210,99960,False,210,99960
1000,591,200,209,99484,False,209,99484
1000,592,200,208,99008,False,208,99008
1000,593,200,207,98532,False,207,98532
1000,594,200,206,98056,False,206,98056
1000,595,200,205,97580,False,205,97580
1000,596,200,204,97104,False,204,97104
1000,597,200,203,96628,False,203,96628
1000,598,200,202,96152,False,202,96152
1000,599,200,201,95676,False,201,95676
1000,600,200,200,95200,False,200,95200
1000,601,200,199,94724,False,199,94724
1000,602,200,198,94248,False,198,94248
1000,603,200,197,93772,False,197,93772
1000,604,200,196,93296,False,196,93296
1000,605,200,195,92820,False,195,92820
1000,606,200,194,92344,False,194,92344
1000,607,200,193,91868,False,193,91868
1000,608,200,192,91392,False,192,91392
1000,609,200,191,90916,False,191,90916
1000,610,200,190,90440,False,190,90440
1000,611,200,189,89964,False,189,89964
1000,612,200,188,89488,False,188,89488
1000,613,200,187,89012,False,187,89012
1000,614,200,186,88536,False,186,88536
1000,615,200,185,88060,False,185,88060
1000,616,200,184,87584,False,184,87584
1000,617,200,183,87108,False,183,87108
1000,618,200,182,86632,False,182,86632
1000,619,200,181,86156,False,181,86156
1000,620,200,180,85680,False,180,85680
1000,621,200,179,85204,False,179,85204
1000,622,200,178,84728,False,178,84728
1000,623,200,177,84252,False,177,84252
1000,624,200,176,83776,False,176,83776
1000,625,200,175,83300,False,175,83300
1000,626,200,174,82824,False,174,82824
1000,627,200,173,82348,False,173,82348
1000,628,200,172,81872,False,172,81872
1000,629,200,171,81396,False,171,81396
1000,630,200,170,80920,False,170,80920
1000,631,200,169,80444,False,169,80444
1000,632,200,168,79968,False,168,79968
1000,633,200,167,79492,False,167,79492
1000,634,200,166,79016,False,166,79016
1000,635,200,165,78540,False,165,78540
1000,636,200,164,78064,False,164,78064
1000,637,200,163,77588,False,163,77588
1000,638,200,162,77112,False,162,77112
1000,639,200,161,76636,False,161,76636
1000,640,200,160,76160,False,160,76160
1000,641,200,159,75684,False,159,75684
1000,642,200,158,75208,False,158,75208
1000,643,200,157,74732,False,157,74732
1000,644,200,156,74256,False,156,74256
1000,645,200,155,73780,False,155,73780
1000,646,200,154,73304,False,154,73304
1000,647,200,153,72828,False,153,72828
1000,648,200,152,72352,False,152,72352
1000,649,200,151,71876,False,151,71876
1000,650,200,150,71400,False,150,71400
1000,651,200,149,70924,False,149,70924
1000,652,200,148,70448,False,148,70448
1000,653,200,147,69972,False,147,69972
1000,654,200,146,69496,False,146,69496
1000,655,200,145,69020,False,145,69020
1000,656,200,144,68544,False,144,68544
1000,657,200,143,68068,False,143,68068
1000,658,200,142,67592,False,142,67592
1000,659,200,141,67116,False,141,67116
1000,660,200,140,66640,False,140,66640
1000,661,200,139,66164,False,139,66164
1000,662,200,138,65688,False,138,65688
1000,663,200,137,65212,False,137,65212
1000,664,200,136,64736,False,136,64736
1000,665,200,135,64260,False,135,64260
1000,666,200,134,63784,False,134,63784
1000,667,200,133,63308,False,133,63308
1000,668,200,132,62832,False,132,62832
1000,669,200,131,62356,False,131,62356
1000,670,200,130,61880,False,130,61880
1000,671,200,129,61404,False,129,61404
1000,672,200,128,60928,False,128,60928
1000,673,200,127,60452,False,127,60452
1000,674,200,126,59976,False,126,59976
1000,675,200,125,59500,False,125,59500
1000,676,200,124,59024,False,124,59024
1000,677,200,123,58548,False,123,58548
1000,678,200,122,58072,False,122,58072
1000,679,200,121,57596,False,121,57596
1000,680,200,120,57120,False,120,57120
1000,681,200,119,56644,False,119,56644
1000,682,200,118,56168,False,118,56168
1000,683,200,117,55692,False,117,55692
1000,684,200,116,55216,False,116,55216
1000,685,200,115,54740,False,115,54740
1000,686,200,114,54264,False,114,54264
1000,687,200,113,53788,False,113,53788
1000,688,200,112,53312,False,112,53312
1000,689,200,111,52836,False,111,52836
1000,690,200,110,52360,False,110,52360
1000,691,200,109,51884,False,109,51884
1000,692,200,108,51408,False,108,51408
1000,693,200,107,50932,False,107,50932
1000,694,200,106,50456,False,106,50456
1000,695,200,105,49980,False,105,49980
1000,696,200,104,49504,False,104,49504
1000,697,200,103,49028,False,103,49028
1000,698,200,102,48552,False,102,48552
1000,699,200,101,48076,False,101,48076
1000,700,200,100,47600,False,100,47600
1000,701,200,99,47124,False,99,47124
1000,702,200,98,46648,False,98,46648
1000,703,200,97,46172,False,97,46172
1000,704,200,96,45696,False,96,45696
1000,705,200,95,45220,False,95,45220
1000,706,200,94,44744,False,94,44744
1000,707,200,93,44268,False,93,44268
1000,708,200,92,43792,False,92,43792
1000,709,200,91,43316,False,91,43316
1000,710,200,90,42840,False,90,42840
1000,711,200,89,42364,False,89,42364
1000,712,200,88,41888,False,88,41888
1000,713,200,87,41412,False,87,41412
1000,714,200,86,40936,False,86,40936
1000,715,200,85,40460,False,85,40460
1000,716,200,84,39984,False,84,39984
1000,717,200,83,39508,False,83,39508
1000,718,200,82,39032,False,82,39032
1000,719,200,81,38556,False,81,38556
1000,720,200,80,38080,False,80,38080
1000,721,200,79,37604,False,79,37604
1000,722,200,78,37128,False,78,37128
1000,723,200,77,36652,False,77,36652
1000,724,200,76,36176,False,76,36176
1000,725,200,75,35700,False,75,35700
1000,726,200,74,35224,False,74,35224
1000,727,200,73,34748,False,73,34748
1000,728,200,72,34272,False,72,34272
1000,729,200,71,33796,False,71,33796
1000,730,200,70,33320,False,70,33320
1000,731,200,69,32844,False,69,32844
1000,732,200,68,32368,False,68,32368
1000,733,200,67,31892,False,67,31892
1000,734,200,66,31416,False,66,31416
1000,735,200,65,30940,False,65,30940
1000,736,200,64,30464,False,64,30464
1000,737,200,63,29988,False,63,29988
1000,738,200,62,29512,False,62,29512
1000,739,200,61,29036,False,61,29036
1000,740,200,60,28560,False,60,28560
1000,741,200,59,28084,False,59,28084
1000,742,200,58,27608,False,58,27608
1000,743,200,57,27132,False,57,27132
1000,744,200,56,26656,False,56,26656
1000,745,200,55,26180,False,55,26180
1000,746,200,54,25704,False,54,25704
1000,747,200,53,25228,False,53,25228
1000,748,200,52,24752,False,52,24752
1000,749,200,51,24276,False,51,24276
1000,750,200,50,23800,False,50,23800
1000,751,200,49,23324,False,49,23324
1000,752,200,48,22848,False,48,22848
1000,753,200,47,22372,False,47,22372
1000,754,200,46,21896,False,46,21896
1000,755,200,45,21420,False,45,21420
1000,756,200,44,20944,False,44,20944
1000,757,200,43,20468,False,43,20468
1000,758,200,42,19992,False,42,19992
1000,759,200,41,19516,False,41,19516
1000,760,200,40,19040,False,40,19040
1000,761,200,39,18564,False,39,18564
1000,762,200,38,18088,False,38,18088
1000,763,200,37,17612,False,37,17612
1000,764,200,36,17136,False,36,17136
1000,765,200,35,16660,False,35,16660
1000,766,200,34,16184,False,34,16184
1000,767,200,33,15708,False,33,15708
1000,768,200,32,15232,False,32,15232
1000,769,200,31,14756,False,31,14756
1000,770,200,30,14280,False,30,14280
1000,771,200,29,13804,False,29,13804
1000,772,200,28,13328,False,28,13328
1000,773,200,27,12852,False,27,12852
1000,774,200,26,12376,False,26,12376
1000,775,200,25,11900,False,25,11900
1000,776,200,24,11424,False,24,11424
1000,777,200,23,10948,False,23,10948
1000,778,200,22,10472,False,22,10472
1000,779,200,21,9996,False,21,9996
1000,780,200,20,9520,False,20,9520
1000,781,200,19,9044,False,19,9044
1000,782,200,18,8568,False,18,8568
1000,783,200,17,8092,False,17,8092
1000,784,200,16,7616,False,16,7616
1000,785,200,15,7140,False,15,7140
1000,786,200,14,6664,False,14,6664
1000,787,200,13,6188,False,13,6188
1000,788,200,12,5712,False,12,5712
1000,789,200,11,5236,False,11,5236
1000,790,200,10,4760,False,10,4760
1000,791,200,9,4284,False,9,4284
1000,792,200,8,3808,False,8,3808
1000,793,200,7,3332,False,7,3332
1000,794,200,6,2856,False,6,2856
1000,795,200,5,2380,False,5,2380
1000,796,200,4,1904,False,4,1904
1000,797,200,3,1428,False,3,1428
1000,798,200,2,952,False,2,952
1000,799,200,1,476,False,1,476
1000,800,200,0,0,False,0,0
1000,801,200,-1,-476,True,0,0
1000,802,200,-2,-952,True,0,0
1000,803,200,-3,-1428,True,0,0
1000,804,200,-4,-1904,True,0,0
1000,805,200,-5,-2380,True,0,0
1000,806,200,-6,-2856,True,0,0
1000,807,200,-7,-3332,True,0,0
1000,808,200,-8,-3808,True,0,0
1000,809,200,-9,-4284,True,0,0
1000,810,200,-10,-4760,True,0,0
1000,811,200,-11,-5236,True,0,0
1000,812,200,-12,-5712,True,0,0
1000,813,200,-13,-6188,True,0,0
1000,814,200,-14,-6664,True,0,0
1000,815,200,-15,-7140,True,0,0
1000,816,200,-16,-7616,True,0,0
1000,817,200,-17,-8092,True,0,0
1000,818,200,-18,-8568,True,0,0
1000,819,200,-19,-9044,True,0,0
1000,820,200,-20,-9520,True,0,0
1000,821,200,-21,-9996,True,0,0
1000,822,200,-22,-10472,True,0,0
1000,823,200,-23,-10948,True,0,0
1000,824,200,-24,-11424,True,0,0
1000,825,200,-25,-11900,True,0,0
1000,826,200,-26,-12376,True,0,0
1000,827,200,-27,-12852,True,0,0
1000,828,200,-28,-13328,True,0,0
1000,829,200,-29,-13804,True,0,0
1000,830,200,-30,-14280,True,0,0
1000,831,200,-31,-14756,True,0,0
1000,832,200,-32,-15232,True,0,0
1000,833,200,-33,-15708,True,0,0
1000,834,200,-34,-16184,True,0,0
1000,835,200,-35,-16660,True,0,0
1000,836,200,-36,-17136,True,0,0
1000,837,200,-37,-17612,True,0,0
1000,838,200,-38,-18088,True,0,0
1000,839,200,-39,-18564,True,0,0
1000,840,200,-40,-19040,True,0,0
1000,841,200,-41,-19516,True,0,0
1000,842,200,-42,-19992,True,0,0
1000,843,200,-43,-20468,True,0,0
1000,844,200,-44,-20944,True,0,0
1000,845,200,-45,-21420,True,0,0
1000,846,200,-46,-21896,True,0,0
1000,847,200,-47,-22372,True,0,0
1000,848,200,-48,-22848,True,0,0
1000,849,200,-49,-23324,True,0,0
1000,850,200,-50,-23800,True,0,0
1000,851,200,-51,-24276,True,0,0
1000,852,200,-52,-24752,True,0,0
1000,853,200,-53,-25228,True,0,0
1000,854,200,-54,-25704,True,0,0
1000,855,200,-55,-26180,True,0,0
1000,856,200,-56,-26656,True,0,0
1000,857,200,-57,-27132,True,0,0
1000,858,200,-58,-27608,True,0,0
1000,859,200,-59,-28084,True,0,0
1000,860,200,-60,-28560,True,0,0
1000,861,200,-61,-29036,True,0,0
1000,862,200,-62,-29512,True,0,0
1000,863,200,-63,-29988,True,0,0
1000,864,200,-64,-30464,True,0,0
1000,865,200,-65,-30940,True,0,0
1000,866,200,-66,-31416,True,0,0
1000,867,200,-67,-31892,True,0,0
1000,868,200,-68,-32368,True,0,0
1000,869,200,-69,-32844,True,0,0
1000,870,200,-70,-33320,True,0,0
1000,871,200,-71,-33796,True,0,0
1000,872,200,-72,-34272,True,0,0
1000,873,200,-73,-34748,True,0,0
1000,874,200,-74,-35224,True,0,0
1000,875,200,-75,-35700,True,0,0
1000,876,200,-76,-36176,True,0,0
1000,877,200,-77,-36652,True,0,0
1000,878,200,-78,-37128,True,0,0
1000,879,200,-79,-37604,True,0,0
1000,880,200,-80,-38080,True,0,0
1000,881,200,-81,-38556,True,0,0
1000,882,200,-82,-39032,True,0,0
1000,883,200,-83,-39508,True,0,0
1000,884,200,-84,-39984,True,0,0
1000,885,200,-85,-40460,True,0,0
1000,886,200,-86,-40936,True,0,0
1000,887,200,-87,-41412,True,0,0
1000,888,200,-88,-41888,True,0,0
1000,889,200,-89,-42364,True,0,0
1000,890,200,-90,-42840,True,0,0
1000,891,200,-91,-43316,True,0,0
1000,892,200,-92,-43792,True,0,0
1000,893,200,-93,-44268,True,0,0
1000,894,200,-94,-44744,True,0,0
1000,895,200,-95,-45220,True,0,0
1000,896,200,-96,-45696,True,0,0
1000,897,200,-97,-46172,True,0,0
1000,898,200,-98,-46648,True,0,0
1000,899,200,-99,-47124,True,0,0
1000,900,200,-100,-47600,True,0,0
1000,901,200,-101,-48076,True,0,0
1000,902,200,-102,-48552,True,0,0
1000,903,200,-103,-49028,True,0,0
1000,904,200,-104,-49504,True,0,0
1000,905,200,-105,-49980,True,0,0
1000,906,200,-106,-50456,True,0,0
1000,907,200,-107,-50932,True,0,0
1000,908,200,-108,-51408,True,0,0
1000,909,200,-109,-51884,True,0,0
1000,910,200,-110,-52360,True,0,0
1000,911,200,-111,-52836,True,0,0
1000,912,200,-112,-53312,True,0,0
1000,913,200,-113,-53788,True,0,0
1000,914,200,-114,-54264,True,0,0
1000,915,200,-115,-54740,True,0,0
1000,916,200,-116,-55216,True,0,0
1000,917,200,-117,-55692,True,0,0
1000,918,200,-118,-56168,True,0,0
1000,919,200,-119,-56644,True,0,0
1000,920,200,-120,-57120,True,0,0
1000,921,200,-121,-57596,True,0,0
1000,922,200,-122,-58072,True,0,0
1000,923,200,-123,-58548,True,0,0
1000,924,200,-124,-59024,True,0,0
1000,925,200,-125,-59500,True,0,0
1000,926,200,-126,-59976,True,0,0
1000,927,200,-127,-60452,True,0,0
1000,928,200,-128,-60928,True,0,0
1000,929,200,-129,-61404,True,0,0
1000,930,200,-130,-61880,True,0,0
1000,931,200,-131,-62356,True,0,0
1000,932,200,-132,-62832,True,0,0
1000,933,200,-133,-63308,True,0,0
1000,934,200,-134,-63784,True,0,0
1000,935,200,-135,-64260,True,0,0
1000,936,200,-136,-64736,True,0,0
1000,937,200,-137,-65212,True,0,0
1000,938,200,-138,-65688,True,0,0
1000,939,200,-139,-66164,True,0,0
1000,940,200,-140,-66640,True,0,0
1000,941,200,-141,-67116,True,0,0
1000,942,200,-142,-67592,True,0,0
1000,943,200,-143,-68068,True,0,0
1000,944,200,-144,-68544,True,0,0
1000,945,200,-145,-69020,True,0,0
1000,946,200,-146,-69496,True,0,0
1000,947,200,-147,-69972,True,0,0
1000,948,200,-148,-70448,True,0,0
1000,949,200,-149,-70924,True,0,0
1000,950,200,-150,-71400,True,0,0
1000,951,200,-151,-71876,True,0,0
1000,952,200,-152,-72352,True,0,0
1000,953,200,-153,-72828,True,0,0
1000,954,200,-154,-73304,True,0,0
1000,955,200,-155,-73780,True,0,0
1000,956,200,-156,-74256,True,0,0
1000,957,200,-157,-74732,True,0,0
1000,958,200,-158,-75208,True,0,0
1000,959,200,-159,-75684,True,0,0
1000,960,200,-160,-76160,True,0,0
1000,961,200,-161,-76636,True,0,0
1000,962,200,-162,-77112,True,0,0
1000,963,200,-163,-77588,True,0,0
1000,964,200,-164,-78064,True,0,0
1000,965,200,-165,-78540,True,0,0
1000,966,200,-166,-79016,True,0,0
1000,967,200,-167,-79492,True,0,0
1000,968,200,-168,-79968,True,0,0
1000,969,200,-169,-80444,True,0,0
1000,970,200,-170,-80920,True,0,0
1000,971,200,-171,-81396,True,0,0
1000,972,200,-172,-81872,True,0,0
1000,973,200,-173,-82348,True,0,0
1000,974,200,-174,-82824,True,0,0
1000,975,200,-175,-83300,True,0,0
1000,976,200,-176,-83776,True,0,0
1000,977,200,-177,-84252,True,0,0
1000,978,200,-178,-84728,True,0,0
1000,979,200,-179,-85204,True,0,0
1000,980,200,-180,-85680,True,0,0
1000,981,200,-181,-86156,True,0,0
1000,982,200,-182,-86632,True,0,0
1000,983,200,-183,-87108,True,0,0
1000,984,200,-184,-87584,True,0,0
1000,985,200,-185,-88060,True,0,0
1000,986,200,-186,-88536,True,0,0
1000,987,200,-187,-89012,True,0,0
1000,988,200,-188,-89488,True,0,0
1000,989,200,-189,-89964,True,0,0
1000,990,200,-190,-90440,True,0,0
1000,991,200,-191,-90916,True,0,0
1000,992,200,-192,-91392,True,0,0
1000,993,200,-193,-91868,True,0,0
1000,994,200,-194,-92344,True,0,0
1000,995,200,-195,-92820,True,0,0
1000,996,200,-196,-93296,True,0,0
1000,997,200,-197,-93772,True,0,0
1000,998,200,-198,-94248,True,0,0
1000,999,200,-199,-94724,True,0,0
1000,1000,200,-200,-95200,True,0,0
1001,0,200,801,381276,False,801,381276
1001,1,200,800,380800,False,800,380800
1001,2,200,799,380324,False,799,380324
1001,3,200,798,379848,False,798,379848
1001,4,200,797,379372,False,797,379372
1001,5,200,796,378896,False,796,378896
1001,6,200,795,378420,False,795,378420
1001,7,200,794,377944,False,794,377944
1001,8,200,793,377468,False,793,377468
1001,9,200,792,376992,False,792,376992
1001,10,200,791,376516,False,791,376516
1001,11,200,790,376040,False,790,376040
1001,12,200,789,375564,False,789,375564
1001,13,200,788,375088,False,788,375088
1001,14,200,787,374612,False,787,374612
1001,15,200,786,374136,False,786,374136
1001,16,200,785,373660,False,785,373660
1001,17,200,784,373184,False,784,373184
1001,18,200,783,372708,False,783,372708
1001,19,200,782,372232,False,782,372232
1001,20,200,781,371756,False,781,371756
1001,21,200,780,371280,False,780,371280
1001,22,200,779,370804,False,779,370804
1001,23,200,778,370328,False,778,370328
1001,24,200,777,369852,False,777,369852
1001,25,200,776,369376,False,776,369376
1001,26,200,775,368900,False,775,368900
1001,27,200,774,368424,False,774,368424
1001,28,200,773,367948,False,773,367948
1001,29,200,772,367472,False,772,367472
1001,30,200,771,366996,False,771,366996
1001,31,200,770,366520,False,770,366520
1001,32,200,769,366044,False,769,366044
1001,33,200,768,365568,False,768,365568
1001,34,200,767,365092,False,767,365092
1001,35,200,766,364616,False,766,364616
1001,36,200,765,364140,False,765,364140
1001,37,200,764,363664,False,764,363664
1001,38,200,763,363188,False,763,363188
1001,39,200,762,362712,False,762,362712
1001,40,200,761,362236,False,761,362236
1001,41,200,760,361760,False,760,361760
1001,42,200,759,361284,False,759,361284
1001,43,200,758,360808,False,758,360808
1001,44,200,757,360332,False,757,360332
1001,45,200,756,359856,False,756,359856
1001,46,200,755,359380,False,755,359380
1001,47,200,754,358904,False,754,358904
1001,48,200,753,358428,False,753,358428
1001,49,200,752,357952,False,752,357952
1001,50,200,751,357476,False,751,357476
1001,51,200,750,357000,False,750,357000
1001,52,200,749,356524,False,749,356524
1001,53,200,748,356048,False,748,356048
1001,54,200,747,355572,False,747,355572
1001,55,200,746,355096,False,746,355096
1001,56,200,745,354620,False,745,354620
1001,57,200,744,354144,False,744,354144
1001,58,200,743,353668,False,743,353668
1001,59,200,742,353192,False,742,353192
1001,60,200,741,352716,False,741,352716
1001,61,200,740,352240,False,740,352240
1001,62,200,739,351764,False,739,351764
1001,63,200,738,351288,False,738,351288
1001,64,200,737,350812,False,737,350812
1001,65,200,736,350336,False,736,350336
1001,66,200,735,349860,False,735,349860
1001,67,200,734,349384,False,734,349384
1001,68,200,733,348908,False,733,348908
1001,69,200,732,348432,False,732,348432
1001,70,200,731,347956,False,731,347956
1001,71,200,730,347480,False,730,347480
1001,72,200,729,347004,False,729,347004
1001,73,200,728,346528,False,728,346528
1001,74,200,727,346052,False,727,346052
1001,75,200,726,345576,False,726,345576
1001,76,200,725,345100,False,725,345100
1001,77,200,724,344624,False,724,344624
1001,78,200,723,344148,False,723,344148
1001,79,200,722,343672,False,722,343672
1001,80,200,721,343196,False,721,343196
1001,81,200,720,342720,False,720,342720
1001,82,200,719,342244,False,719,342244
1001,83,200,718,341768,False,718,341768
1001,84,200,717,341292,False,717,341292
1001,85,200,716,340816,False,716,340816
1001,86,200,715,340340,False,715,340340
1001,87,200,714,339864,False,714,339864
1001,88,200,713,339388,False,713,339388
1001,89,200,712,338912,False,712,338912
1001,90,200,711,338436,False,711,338436
1001,91,200,710,337960,False,710,337960
1001,92,200,709,337484,False,709,337484
1001,93,200,708,337008,False,708,337008
1001,94,200,707,336532,False,707,336532
1001,95,200,706,336056,False,706,336056
1001,96,200,705,335580,False,705,335580
1001,97,200,704,335104,False,704,335104
1001,98,200,703,334628,False,703,334628
1001,99,200,702,334152,False,702,334152
1001,100,200,701,333676,False,701,333676
1001,101,200,700,333200,False,700,333200
1001,102,200,699,332724,False,699,332724
1001,103,200,698,332248,False,698,332248
1001,104,200,697,331772,False,697,331772
1001,105,200,696,331296,False,696,331296
1001,106,200,695,330820,False,695,330820
1001,107,200,694,330344,False,694,330344
1001,108,200,693,329868,False,693,329868
1001,109,200,692,329392,False,692,329392
1001,110,200,691,328916,False,691,328916
1001,111,200,690,328440,False,690,328440
1001,112,200,689,327964,False,689,327964
1001,113,200,688,327488,False,688,327488
1001,114,200,687,327012,False,687,327012
1001,115,200,686,326536,False,686,326536
1001,116,200,685,326060,False,685,326060
1001,117,200,684,325584,False,684,325584
1001,118,200,683,325108,False,683,325108
1001,119,200,682,324632,False,682,324632
1001,120,200,681,324156,False,681,324156
1001,121,200,680,323680,False,680,323680
1001,122,200,679,323204,False,679,323204
1001,123,200,678,322728,False,678,322728
1001,124,200,677,322252,False,677,322252
1001,125,200,676,321776,False,676,321776
1001,126,200,675,321300,False,675,321300
1001,127,200,674,320824,False,674,320824
1001,128,200,673,320348,False,673,320348
1001,129,200,672,319872,False,672,319872
1001,130,200,671,319396,False,671,319396
1001,131,200,670,318920,False,670,318920
1001,132,200,669,318444,False,669,318444
1001,133,200,668,317968,False,668,317968
1001,134,200,667,317492,False,667,317492
1001,135,200,666,317016,False,666,317016
1001,136,200,665,316540,False,665,316540
1001,137,200,664,316064,False,664,316064
1001,138,200,663,315588,False,663,315588
1001,139,200,662,315112,False,662,315112
1001,140,200,661,314636,False,661,314636
1001,141,200,660,314160,False,660,314160
1001,142,200,659,313684,False,659,313684
1001,143,200,658,313208,False,658,313208
1001,144,200,657,312732,False,657,312732
1001,145,200,656,312256,False,656,312256
1001,146,200,655,311780,False,655,311780
1001,147,200,654,311304,False,654,311304
1001,148,200,653,310828,False,653,310828
1001,149,200,652,310352,False,652,310352
1001,150,200,651,309876,False,651,309876
1001,151,200,650,309400,False,650,309400
1001,152,200,649,308924,False,649,308924
1001,153,200,648,308448,False,648,308448
1001,154,200,647,307972,False,647,307972
1001,155,200,646,307496,False,646,307496
1001,156,200,645,307020,False,645,307020
1001,157,200,644,306544,False,644,306544
1001,158,200,643,306068,False,643,306068
1001,159,200,642,305592,False,642,305592
1001,160,200,641,305116,False,641,305116
1001,161,200,640,304640,False,640,304640
1001,162,200,639,304164,False,639,304164
1001,163,200,638,303688,False,638,303688
1001,164,200,637,303212,False,637,303212
1001,165,200,636,302736,False,636,302736
1001,166,200,635,302260,False,635,302260
1001,167,200,634,301784,False,634,301784
1001,168,200,633,301308,False,633,301308
1001,169,200,632,300832,False,632,300832
1001,170,200,631,300356,False,631,300356
1001,171,200,630,299880,False,630,299880
1001,172,200,629,299404,False,629,299404
1001,173,200,628,298928,False,628,298928
1001,174,200,627,298452,False,627,298452
1001,175,200,626,297976,False,626,297976
1001,176,200,625,297500,False,625,297500
1001,177,200,624,297024,False,624,297024
1001,178,200,623,296548,False,623,296548
1001,179,200,622,296072,False,622,296072
1001,180,200,621,295596,False,621,295596
1001,181,200,620,295120,False,620,295120
1001,182,200,619,294644,False,619,294644
1001,183,200,618,294168,False,618,294168
1001,184,200,617,293692,False,617,293692
1001,185,200,616,293216,False,616,293216
1001,186,200,615,292740,False,615,292740
1001,187,200,614,292264,False,614,292264
1001,188,200,613,291788,False,613,291788
1001,189,200,612,291312,False,612,291312
1001,190,200,611,290836,False,611,290836
1001,191,200,610,290360,False,610,290360
1001,192,200,609,289884,False,609,289884
1001,193,200,608,289408,False,608,289408
1001,194,200,607,288932,False,607,288932
1001,195,200,606,288456,False,606,288456
1001,196,200,605,287980,False,605,287980
1001,197,200,604,287504,False,604,287504
1001,198,200,603,287028,False,603,287028
1001,199,200,602,286552,False,602,286552
1001,200,200,601,286076,False,601,286076
1001,201,200,600,285600,False,600,285600
1001,202,200,599,285124,False,599,285124
1001,203,200,598,284648,False,598,284648
1001,204,200,597,284172,False,597,284172
1001,205,200,596,283696,False,596,283696
1001,206,200,595,283220,False,595,283220
1001,207,200,594,282744,False,594,282744
1001,208,200,593,282268,False,593,282268
1001,209,200,592,281792,False,592,281792
1001,210,200,591,281316,False,591,281316
1001,211,200,590,280840,False,590,280840
1001,212,200,589,280364,False,589,280364
1001,213,200,588,279888,False,588,279888
1001,214,200,587,279412,False,587,279412
1001,215,200,586,278936,False,586,278936
1001,216,200,585,278460,False,585,278460
1001,217,200,584,277984,False,584,277984
1001,218,200,583,277508,False,583,277508
1001,219,200,582,277032,False,582,277032
1001,220,200,581,276556,False,581,276556
1001,221,200,580,276080,False,580,276080
1001,222,200,579,275604,False,579,275604
1001,223,200,578,275128,False,578,275128
1001,224,200,577,274652,False,577,274652
1001,225,200,576,274176,False,576,274176
1001,226,200,575,273700,False,575,273700
1001,227,200,574,273224,False,574,273224
1001,228,200,573,272748,False,573,272748
1001,229,200,572,272272,False,572,272272
1001,230,200,571,271796,False,571,271796
1001,231,200,570,271320,False,570,271320
1001,232,200,569,270844,False,569,270844
1001,233,200,568,270368,False,568,270368
1001,234,200,567,269892,False,567,269892
1001,235,200,566,269416,False,566,269416
1001,236,200,565,268940,False,565,268940
1001,237,200,564,268464,False,564,268464
1001,238,200,563,267988,False,563,267988
1001,239,200,562,267512,False,562,267512
1001,240,200,561,267036,False,561,267036
1001,241,200,560,266560,False,560,266560
1001,242,200,559,266084,False,559,266084
1001,243,200,558,265608,False,558,265608
1001,244,200,557,265132,False,557,265132
1001,245,200,556,264656,False,556,264656
1001,246,200,555,264180,False,555,264180
1001,247,200,554,263704,False,554,263704
1001,248,200,553,263228,False,553,263228
1001,249,200,552,262752,False,552,262752
1001,250,200,551,262276,False,551,262276
1001,251,200,550,261800,False,550,261800
1001,252,200,549,261324,False,549,261324
1001,253,200,548,260848,False,548,260848
1001,254,200,547,260372,False,547,260372
1001,255,200,546,259896,False,546,259896
1001,256,200,545,259420,False,545,259420
1001,257,200,544,258944,False,544,258944
1001,258,200,543,258468,False,543,258468
1001,259,200,542,257992,False,542,257992
1001,260,200,541,257516,False,541,257516
1001,261,200,540,257040,False,540,257040
1001,262,200,539,256564,False,539,256564
1001,263,200,538,256088,False,538,256088
1001,264,200,537,255612,False,537,255612
1001,265,200,536,255136,False,536,255136
1001,266,200,535,254660,False,535,254660
1001,267,200,534,254184,False,534,254184
1001,268,200,533,253708,False,533,253708
1001,269,200,532,253232,False,532,253232
1001,270,200,531,252756,False,531,252756
1001,271,200,530,252280,False,530,252280
1001,272,200,529,251804,False,529,251804
1001,273,200,528,251328,False,528,251328
1001,274,200,527,250852,False,527,250852
1001,275,200,526,250376,False,526,250376
1001,276,200,525,249900,False,525,249900
1001,277,200,524,249424,False,524,249424
1001,278,200,523,248948,False,523,248948
1001,279,200,522,248472,False,522,248472
1001,280,200,521,247996,False,521,247996
1001,281,200,520,247520,False,520,247520
1001,282,200,519,247044,False,519,247044
1001,283,200,518,246568,False,518,246568
1001,284,200,517,246092,False,517,246092
1001,285,200,516,245616,False,516,245616
1001,286,200,515,245140,False,515,245140
1001,287,200,514,244664,False,514,244664
1001,288,200,513,244188,False,513,244188
1001,289,200,512,243712,False,512,243712
1001,290,200,511,243236,False,511,243236
1001,291,200,510,242760,False,510,242760
1001,292,200,509,242284,False,509,242284
1001,293,200,508,241808,False,508,241808
1001,294,200,507,241332,False,507,241332
1001,295,200,506,240856,False,506,240856
1001,296,200,505,240380,False,505,240380
1001,297,200,504,239904,False,504,239904
1001,298,200,503,239428,False,503,239428
1001,299,200,502,238952,False,502,238952
1001,300,200,501,238476,False,501,238476
1001,301,200,500,238000,False,500,238000
1001,302,200,499,237524,False,499,237524
1001,303,200,498,237048,False,498,237048
1001,304,200,497,236572,False,497,236572
1001,305,200,496,236096,False,496,236096
1001,306,200,495,235620,False,495,235620
1001,307,200,494,235144,False,494,235144
1001,308,200,493,234668,False,493,234668
1001,309,200,492,234192,False,492,234192
1001,310,200,491,233716,False,491,233716
1001,311,200,490,233240,False,490,233240
1001,312,200,489,232764,False,489,232764
1001,313,200,488,232288,False,488,232288
1001,314,200,487,231812,False,487,231812
1001,315,200,486,231336,False,486,231336
1001,316,200,485,230860,False,485,230860
1001,317,200,484,230384,False,484,230384
1001,318,200,483,229908,False,483,229908
1001,319,200,482,229432,False,482,229432
1001,320,200,481,228956,False,481,228956
1001,321,200,480,228480,False,480,228480
1001,322,200,479,228004,False,479,228004
1001,323,200,478,227528,False,478,227528
1001,324,200,477,227052,False,477,227052
1001,325,200,476,226576,False,476,226576
1001,326,200,475,226100,False,475,226100
1001,327,200,474,225624,False,474,225624
1001,328,200,473,225148,False,473,225148
1001,329,200,472,224672,False,472,224672
1001,330,200,471,224196,False,471,224196
1001,331,200,470,223720,False,470,223720
1001,332,200,469,223244,False,469,223244
1001,333,200,468,222768,False,468,222768
1001,334,200,467,222292,False,467,222292
1001,335,200,466,221816,False,466,221816
1001,336,200,465,221340,False,465,221340
1001,337,200,464,220864,False,464,220864
1001,338,200,463,220388,False,463,220388
1001,339,200,462,219912,False,462,219912
1001,340,200,461,219436,False,461,219436
1001,341,200,460,218960,False,460,218960
1001,342,200,459,218484,False,459,218484
1001,343,200,458,218008,False,458,218008
1001,344,200,457,217532,False,457,217532
1001,345,200,456,217056,False,456,217056
1001,346,200,455,216580,False,455,216580
1001,347,200,454,216104,False,454,216104
1001,348,200,453,215628,False,453,215628
1001,349,200,452,215152,False,452,215152
1001,350,200,451,214676,False,451,214676
1001,351,200,450,214200,False,450,214200
1001,352,200,449,213724,False,449,213724
1001,353,200,448,213248,False,448,213248
1001,354,200,447,212772,False,447,212772
1001,355,200,446,212296,False,446,212296
1001,356,200,445,211820,False,445,211820
1001,357,200,444,211344,False,444,211344
1001,358,200,443,210868,False,443,210868
1001,359,200,442,210392,False,442,210392
1001,360,200,441,209916,False,441,209916
1001,361,200,440,209440,False,440,209440
1001,362,200,439,208964,False,439,208964
1001,363,200,438,208488,False,438,208488
1001,364,200,437,208012,False,437,208012
1001,365,200,436,207536,False,436,207536
1001,366,200,435,207060,False,435,207060
1001,367,200,434,206584,False,434,206584
1001,368,200,433,206108,False,433,206108
1001,369,200,432,205632,False,432,205632
1001,370,200,431,205156,False,431,205156
1001,371,200,430,204680,False,430,204680
1001,372,200,429,204204,False,429,204204
1001,373,200,428,203728,False,428,203728
1001,374,200,427,203252,False,427,203252
1001,375,200,426,202776,False,426,202776
1001,376,200,425,202300,False,425,202300
1001,377,200,424,201824,False,424,201824
1001,378,200,423,201348,False,423,201348
1001,379,200,422,200872,False,422,200872
1001,380,200,421,200396,False,421,200396
1001,381,200,420,199920,False,420,199920
1001,382,200,419,199444,False,419,199444
1001,383,200,418,198968,False,418,198968
1001,384,200,417,198492,False,417,198492
1001,385,200,416,198016,False,416,198016
1001,386,200,415,197540,False,415,197540
1001,387,200,414,197064,False,414,197064
1001,388,200,413,196588,False,413,196588
1001,389,200,412,196112,False,412,196112
1001,390,200,411,195636,False,411,195636
1001,391,200,410,195160,False,410,195160
1001,392,200,409,194684,False,409,194684
1001,393,200,408,194208,False,408,194208
1001,394,200,407,193732,False,407,193732
1001,395,200,406,193256,False,406,193256
1001,396,200,405,192780,False,405,192780
1001,397,200,404,192304,False,404,192304
1001,398,200,403,191828,False,403,191828
1001,399,200,402,191352,False,402,191352
1001,400,200,401,190876,False,401,190876
1001,401,200,400,190400,False,400,190400
1001,402,200,399,189924,False,399,189924
1001,403,200,398,189448,False,398,189448
1001,404,200,397,188972,False,397,188972
1001,405,200,396,188496,False,396,188496
1001,406,200,395,188020,False,395,188020
1001,407,200,394,187544,False,394,187544
1001,408,200,393,187068,False,393,187068
1001,409,200,392,186592,False,392,186592
1001,410,200,391,186116,False,391,186116
1001,411,200,390,185640,False,390,185640
1001,412,200,389,185164,False,389,185164
1001,413,200,388,184688,False,388,184688
1001,414,200,387,184212,False,387,184212
1001,415,200,386,183736,False,386,183736
1001,416,200,385,183260,False,385,183260
1001,417,200,384,182784,False,384,182784
1001,418,200,383,182308,False,383,182308
1001,419,200,382,181832,False,382,181832
1001,420,200,381,181356,False,381,181356
1001,421,200,380,180880,False,380,180880
1001,422,200,379,180404,False,379,180404
1001,423,200,378,179928,False,378,179928
1001,424,200,377,179452,False,377,179452
1001,425,200,376,178976,False,376,178976
1001,426,200,375,178500,False,375,178500
1001,427,200,374,178024,False,374,178024
1001,428,200,373,177548,False,373,177548
1001,429,200,372,177072,False,372,177072
1001,430,200,371,176596,False,371,176596
1001,431,200,370,176120,False,370,176120
1001,432,200,369,175644,False,369,175644
1001,433,200,368,175168,False,368,175168
1001,434,200,367,174692,False,367,174692
1001,435,200,366,174216,False,366,174216
1001,436,200,365,173740,False,365,173740
1001,437,200,364,173264,False,364,173264
1001,438,200,363,172788,False,363,172788
1001,439,200,362,172312,False,362,172312
1001,440,200,361,171836,False,361,171836
1001,441,200,360,171360,False,360,171360
1001,442,200,359,170884,False,359,170884
1001,443,200,358,170408,False,358,170408
1001,444,200,357,169932,False,357,169932
1001,445,200,356,169456,False,356,169456
1001,446,200,355,168980,False,355,168980
1001,447,200,354,168504,False,354,168504
1001,448,200,353,168028,False,353,168028
1001,449,200,352,167552,False,352,167552
1001,450,200,351,167076,False,351,167076
1001,451,200,350,166600,False,350,166600
1001,452,200,349,166124,False,349,166124
1001,453,200,348,165648,False,348,165648
1001,454,200,347,165172,False,347,165172
1001,455,200,346,164696,False,346,164696
1001,456,200,345,164220,False,345,164220
1001,457,200,344,163744,False,344,163744
1001,458,200,343,163268,False,343,163268
1001,459,200,342,162792,False,342,162792
1001,460,200,341,162316,False,341,162316
1001,461,200,340,161840,False,340,161840
1001,462,200,339,161364,False,339,161364
1001,463,200,338,160888,False,338,160888
1001,464,200,337,160412,False,337,160412
1001,465,200,336,159936,False,336,159936
1001,466,200,335,159460,False,335,159460
1001,467,200,334,158984,False,334,158984
1001,468,200,333,158508,False,333,158508
1001,469,200,332,158032,False,332,158032
1001,470,200,331,157556,False,331,157556
1001,471,200,330,157080,False,330,157080
1001,472,200,329,156604,False,329,156604
1001,473,200,328,156128,False,328,156128
1001,474,200,327,155652,False,327,155652
1001,475,200,326,155176,False,326,155176
1001,476,200,325,154700,False,325,154700
1001,477,200,324,154224,False,324,154224
1001,478,200,323,153748,False,323,153748
1001,479,200,322,153272,False,322,153272
1001,480,200,321,152796,False,321,152796
1001,481,200,320,152320,False,320,152320
1001,482,200,319,151844,False,319,151844
1001,483,200,318,151368,False,318,151368
1001,484,200,317,150892,False,317,150892
1001,485,200,316,150416,False,316,150416
1001,486,200,315,149940,False,315,149940
1001,487,200,314,149464,False,314,149464
1001,488,200,313,148988,False,313,148988
1001,489,200,312,148512,False,312,148512
1001,490,200,311,148036,False,311,148036
1001,491,200,310,147560,False,310,147560
1001,492,200,309,147084,False,309,147084
1001,493,200,308,146608,False,308,146608
1001,494,200,307,146132,False,307,146132
1001,495,200,306,145656,False,306,145656
1001,496,200,305,145180,False,305,145180
1001,497,200,304,144704,False,304,144704
1001,498,200,303,144228,False,303,144228
1001,499,200,302,143752,False,302,143752
1001,500,200,301,143276,False,301,143276
1001,501,200,300,142800,False,300,142800
1001,502,200,299,142324,False,299,142324
1001,503,200,298,141848,False,298,141848
1001,504,200,297,141372,False,297,141372
1001,505,200,296,140896,False,296,140896
1001,506,200,295,140420,False,295,140420
1001,507,200,294,139944,False,294,139944
1001,508,200,293,139468,False,293,139468
1001,509,200,292,138992,False,292,138992
1001,510,200,291,138516,False,291,138516
1001,511,200,290,138040,False,290,138040
1001,512,200,289,137564,False,289,137564
1001,513,200,288,137088,False,288,137088
1001,514,200,287,136612,False,287,136612
1001,515,200,286,136136,False,286,136136
1001,516,200,285,135660,False,285,135660
1001,517,200,284,135184,False,284,135184
1001,518,200,283,134708,False,283,134708
1001,519,200,282,134232,False,282,134232
1001,520,200,281,133756,False,281,133756
1001,521,200,280,133280,False,280,133280
1001,522,200,279,132804,False,279,132804
1001,523,200,278,132328,False,278,132328
1001,524,200,277,131852,False,277,131852
1001,525,200,276,131376,False,276,131376
1001,526,200,275,130900,False,275,130900
1001,527,200,274,130424,False,274,130424
1001,528,200,273,129948,False,273,129948
1001,529,200,272,129472,False,272,129472
1001,530,200,271,128996,False,271,128996
1001,531,200,270,128520,False,270,128520
1001,532,200,269,128044,False,269,128044
1001,533,200,268,127568,False,268,127568
1001,534,200,267,127092,False,267,127092
1001,535,200,266,126616,False,266,126616
1001,536,200,265,126140,False,265,126140
1001,537,200,264,125664,False,264,125664
1001,538,200,263,125188,False,263,125188
1001,539,200,262,124712,False,262,124712
1001,540,200,261,124236,False,261,124236
1001,541,200,260,123760,False,260,123760
1001,542,200,259,123284,False,259,123284
1001,543,200,258,122808,False,258,122808
1001,544,200,257,122332,False,257,122332
1001,545,200,256,121856,False,256,121856
1001,546,200,255,121380,False,255,121380
1001,547,200,254,120904,False,254,120904
1001,548,200,253,120428,False,253,120428
1001,549,200,252,119952,False,252,119952
1001,550,200,251,119476,False,251,119476
1001,551,200,250,119000,False,250,119000
1001,552,200,249,118524,False,249,118524
1001,553,200,248,118048,False,248,118048
1001,554,200,247,117572,False,247,117572
1001,555,200,246,117096,False,246,117096
1001,556,200,245,116620,False,245,116620
1001,557,200,244,116144,False,244,116144
1001,558,200,243,115668,False,243,115668
1001,559,200,242,115192,False,242,115192
1001,560,200,241,114716,False,241,114716
1001,561,200,240,114240,False,240,114240
1001,562,200,239,113764,False,239,113764
1001,563,200,238,113288,False,238,113288
1001,564,200,237,112812,False,237,112812
1001,565,200,236,112336,False,236,112336
1001,566,200,235,111860,False,235,111860
1001,567,200,234,111384,False,234,111384
1001,568,200,233,110908,False,233,110908
1001,569,200,232,110432,False,232,110432
1001,570,200,231,109956,False,231,109956
1001,571,200,230,109480,False,230,109480
1001,572,200,229,109004,False,229,109004
1001,573,200,228,108528,False,228,108528
1001,574,200,227,108052,False,227,108052
1001,575,200,226,107576,False,226,107576
1001,576,200,225,107100,False,225,107100
1001,577,200,224,106624,False,224,106624
1001,578,200,223,106148,False,223,106148
1001,579,200,222,105672,False,222,105672
1001,580,200,221,105196,False,221,105196
1001,581,200,220,104720,False,220,104720
1001,582,200,219,104244,False,219,104244
1001,583,200,218,103768,False,218,103768
1001,584,200,217,103292,False,217,103292
1001,585,200,216,102816,False,216,102816
1001,586,200,215,102340,False,215,102340
1001,587,200,214,101864,False,214,101864
1001,588,200,213,101388,False,213,101388
1001,589,200,212,100912,False,212,100912
1001,590,200,211,100436,False,211,100436
1001,591,200,210,99960,False,210,99960
1001,592,200,209,99484,False,209,99484
1001,593,200,208,99008,False,208,99008
1001,594,200,207,98532,False,207,98532
1001,595,200,206,98056,False,206,98056
1001,596,200,205,97580,False,205,97580
1001,597,200,204,97104,False,204,97104
1001,598,200,203,96628,False,203,96628
1001,599,200,202,96152,False,202,96152
1001,600,200,201,95676,False,201,95676
1001,601,200,200,95200,False,200,95200
1001,602,200,199,94724,False,199,94724
1001,603,200,198,94248,False,198,94248
1001,604,200,197,93772,False,197,93772
1001,605,200,196,93296,False,196,93296
1001,606,200,195,92820,False,195,92820
1001,607,200,194,92344,False,194,92344
1001,608,200,193,91868,False,193,91868
1001,609,200,192,91392,False,192,91392
1001,610,200,191,90916,False,191,90916
1001,611,200,190,90440,False,190,90440
1001,612,200,189,89964,False,189,89964
1001,613,200,188,89488,False,188,89488
1001,614,200,187,89012,False,187,89012
1001,615,200,186,88536,False,186,88536
1001,616,200,185,88060,False,185,88060
1001,617,200,184,87584,False,184,87584
1001,618,200,183,87108,False,183,87108
1001,619,200,182,86632,False,182,86632
1001,620,200,181,86156,False,181,86156
1001,621,200,180,85680,False,180,85680
1001,622,200,179,85204,False,179,85204
1001,623,200,178,84728,False,178,84728
1001,624,200,177,84252,False,177,84252
1001,625,200,176,83776,False,176,83776
1001,626,200,175,83300,False,175,83300
1001,627,200,174,82824,False,174,82824
1001,628,200,173,82348,False,173,82348
1001,629,200,172,81872,False,172,81872
1001,630,200,171,81396,False,171,81396
1001,631,200,170,80920,False,170,80920
1001,632,200,169,80444,False,169,80444
1001,633,200,168,79968,False,168,79968
1001,634,200,167,79492,False,167,79492
1001,635,200,166,79016,False,166,79016
1001,636,200,165,78540,False,165,78540
1001,637,200,164,78064,False,164,78064
1001,638,200,163,77588,False,163,77588
1001,639,200,162,77112,False,162,77112
1001,640,200,161,76636,False,161,76636
1001,641,200,160,76160,False,160,76160
1001,642,200,159,75684,False,159,75684
1001,643,200,158,75208,False,158,75208
1001,644,200,157,74732,False,157,74732
1001,645,200,156,74256,False,156,74256
1001,646,200,155,73780,False,155,73780
1001,647,200,154,73304,False,154,73304
1001,648,200,153,72828,False,153,72828
1001,649,200,152,72352,False,152,72352
1001,650,200,151,71876,False,151,71876
1001,651,200,150,71400,False,150,71400
1001,652,200,149,70924,False,149,70924
1001,653,200,148,70448,False,148,70448
1001,654,200,147,69972,False,147,69972
1001,655,200,146,69496,False,146,69496
1001,656,200,145,69020,False,145,69020
1001,657,200,144,68544,False,144,68544
1001,658,200,143,68068,False,143,68068
1001,659,200,142,67592,False,142,67592
1001,660,200,141,67116,False,141,67116
1001,661,200,140,66640,False,140,66640
1001,662,200,139,66164,False,139,66164
1001,663,200,138,65688,False,138,65688
1001,664,200,137,65212,False,137,65212
1001,665,200,136,64736,False,136,64736
1001,666,200,135,64260,False,135,64260
1001,667,200,134,63784,False,134,63784
1001,668,200,133,63308,False,133,63308
1001,669,200,132,62832,False,132,62832
1001,670,200,131,62356,False,131,62356
1001,671,200,130,61880,False,130,61880
1001,672,200,129,61404,False,129,61404
1001,673,200,128,60928,False,128,60928
1001,674,200,127,60452,False,127,60452
1001,675,200,126,59976,False,126,59976
1001,676,200,125,59500,False,125,59500
1001,677,200,124,59024,False,124,59024
1001,678,200,123,58548,False,123,58548
1001,679,200,122,58072,False,122,58072
1001,680,200,121,57596,False,121,57596
1001,681,200,120,57120,False,120,57120
1001,682,200,119,56644,False,119,56644
1001,683,200,118,56168,False,118,56168
1001,684,200,117,55692,False,117,55692
1001,685,200,116,55216,False,116,55216
1001,686,200,115,54740,False,115,54740
1001,687,200,114,54264,False,114,54264
1001,688,200,113,53788,False,113,53788
1001,689,200,112,53312,False,112,53312
1001,690,200,111,52836,False,111,52836
1001,691,200,110,52360,False,110,52360
1001,692,200,109,51884,False,109,51884
1001,693,200,108,51408,False,108,51408
1001,694,200,107,50932,False,107,50932
1001,695,200,106,50456,False,106,50456
1001,696,200,105,49980,False,105,49980
1001,697,200,104,49504,False,104,49504
1001,698,200,103,49028,False,103,49028
1001,699,200,102,48552,False,102,48552
1001,700,200,101,48076,False,101,48076
1001,701,200,100,47600,False,100,47600
1001,702,200,99,47124,False,99,47124
1001,703,200,98,46648,False,98,46648
1001,704,200,97,46172,False,97,46172
1001,705,200,96,45696,False,96,45696
1001,706,200,95,45220,False,95,45220
1001,707,200,94,44744,False,94,44744
1001,708,200,93,44268,False,93,44268
1001,709,200,92,43792,False,92,43792
1001,710,200,91,43316,False,91,43316
1001,711,200,90,42840,False,90,42840
1001,712,200,89,42364,False,89,42364
1001,713,200,88,41888,False,88,41888
1001,714,200,87,41412,False,87,41412
1001,715,200,86,40936,False,86,40936
1001,716,200,85,40460,False,85,40460
1001,717,200,84,39984,False,84,39984
1001,718,200,83,39508,False,83,39508
1001,719,200,82,39032,False,82,39032
1001,720,200,81,38556,False,81,38556
1001,721,200,80,38080,False,80,38080
1001,722,200,79,37604,False,79,37604
1001,723,200,78,37128,False,78,37128
1001,724,200,77,36652,False,77,36652
1001,725,200,76,36176,False,76,36176
1001,726,200,75,35700,False,75,35700
1001,727,200,74,35224,False,74,35224
1001,728,200,73,34748,False,73,34748
1001,729,200,72,34272,False,72,34272
1001,730,200,71,33796,False,71,33796
1001,731,200,70,33320,False,70,33320
1001,732,200,69,32844,False,69,32844
1001,733,200,68,32368,False,68,32368
1001,734,200,67,31892,False,67,31892
1001,735,200,66,31416,False,66,31416
1001,736,200,65,30940,False,65,30940
1001,737,200,64,30464,False,64,30464
1001,738,200,63,29988,False,63,29988
1001,739,200,62,29512,False,62,29512
1001,740,200,61,29036,False,61,29036
1001,741,200,60,28560,False,60,28560
1001,742,200,59,28084,False,59,28084
1001,743,200,58,27608,False,58,27608
1001,744,200,57,27132,False,57,27132
1001,745,200,56,26656,False,56,26656
1001,746,200,55,26180,False,55,26180
1001,747,200,54,25704,False,54,25704
1001,748,200,53,25228,False,53,25228
1001,749,200,52,24752,False,52,24752
1001,750,200,51,24276,False,51,24276
1001,751,200,50,23800,False,50,23800
1001,752,200,49,23324,False,49,23324
1001,753,200,48,22848,False,48,22848
1001,754,200,47,22372,False,47,22372
1001,755,200,46,21896,False,46,21896
1001,756,200,45,21420,False,45,21420
1001,757,200,44,20944,False,44,20944
1001,758,200,43,20468,False,43,20468
1001,759,200,42,19992,False,42,19992
1001,760,200,41,19516,False,41,19516
1001,761,200,40,19040,False,40,19040
1001,762,200,39,18564,False,39,18564
1001,763,200,38,18088,False,38,18088
1001,764,200,37,17612,False,37,17612
1001,765,200,36,17136,False,36,17136
1001,766,200,35,16660,False,35,16660
1001,767,200,34,16184,False,34,16184
1001,768,200,33,15708,False,33,15708
1001,769,200,32,15232,False,32,15232
1001,770,200,31,14756,False,31,14756
1001,771,200,30,14280,False,30,14280
1001,772,200,29,13804,False,29,13804
1001,773,200,28,13328,False,28,13328
1001,774,200,27,12852,False,27,12852
1001,775,200,26,12376,False,26,12376
1001,776,200,25,11900,False,25,11900
1001,777,200,24,11424,False,24,11424
1001,778,200,23,10948,False,23,10948
1001,779,200,22,10472,False,22,10472
1001,780,200,21,9996,False,21,9996
1001,781,200,20,9520,False,20,9520
1001,782,200,19,9044,False,19,9044
1001,783,200,18,8568,False,18,8568
1001,784,200,17,8092,False,17,8092
1001,785,200,16,7616,False,16,7616
1001,786,200,15,7140,False,15,7140
1001,787,200,14,6664,False,14,6664
1001,788,200,13,6188,False,13,6188
1001,789,200,12,5712,False,12,5712
1001,790,200,11,5236,False,11,5236
1001,791,200,10,4760,False,10,4760
1001,792,200,9,4284,False,9,4284
1001,793,200,8,3808,False,8,3808
1001,794,200,7,3332,False,7,3332
1001,795,200,6,2856,False,6,2856
1001,796,200,5,2380,False,5,2380
1001,797,200,4,1904,False,4,1904
1001,798,200,3,1428,False,3,1428
1001,799,200,2,952,False,2,952
1001,800,200,1,476,False,1,476
1001,801,200,0,0,False,0,0
1001,802,200,-1,-476,True,0,0
1001,803,200,-2,-952,True,0,0
1001,804,200,-3,-1428,True,0,0
1001,805,200,-4,-1904,True,0,0
1001,806,200,-5,-2380,True,0,0
1001,807,200,-6,-2856,True,0,0
1001,808,200,-7,-3332,True,0,0
1001,809,200,-8,-3808,True,0,0
1001,810,200,-9,-4284,True,0,0
1001,811,200,-10,-4760,True,0,0
1001,812,200,-11,-5236,True,0,0
1001,813,200,-12,-5712,True,0,0
1001,814,200,-13,-6188,True,0,0
1001,815,200,-14,-6664,True,0,0
1001,816,200,-15,-7140,True,0,0
1001,817,200,-16,-7616,True,0,0
1001,818,200,-17,-8092,True,0,0
1001,819,200,-18,-8568,True,0,0
1001,820,200,-19,-9044,True,0,0
1001,821,200,-20,-9520,True,0,0
1001,822,200,-21,-9996,True,0,0
1001,823,200,-22,-10472,True,0,0
1001,824,200,-23,-10948,True,0,0
1001,825,200,-24,-11424,True,0,0
1001,826,200,-25,-11900,True,0,0
1001,827,200,-26,-12376,True,0,0
1001,828,200,-27,-12852,True,0,0
1001,829,200,-28,-13328,True,0,0
1001,830,200,-29,-13804,True,0,0
1001,831,200,-30,-14280,True,0,0
1001,832,200,-31,-14756,True,0,0
1001,833,200,-32,-15232,True,0,0
1001,834,200,-33,-15708,True,0,0
1001,835,200,-34,-16184,True,0,0
1001,836,200,-35,-16660,True,0,0
1001,837,200,-36,-17136,True,0,0
1001,838,200,-37,-17612,True,0,0
1001,839,200,-38,-18088,True,0,0
1001,840,200,-39,-18564,True,0,0
1001,841,200,-40,-19040,True,0,0
1001,842,200,-41,-19516,True,0,0
1001,843,200,-42,-19992,True,0,0
1001,844,200,-43,-20468,True,0,0
1001,845,200,-44,-20944,True,0,0
1001,846,200,-45,-21420,True,0,0
1001,847,200,-46,-21896,True,0,0
1001,848,200,-47,-22372,True,0,0
1001,849,200,-48,-22848,True,0,0
1001,850,200,-49,-23324,True,0,0
1001,851,200,-50,-23800,True,0,0
1001,852,200,-51,-24276,True,0,0
1001,853,200,-52,-24752,True,0,0
1001,854,200,-53,-25228,True,0,0
1001,855,200,-54,-25704,True,0,0
1001,856,200,-55,-26180,True,0,0
1001,857,200,-56,-26656,True,0,0
1001,858,200,-57,-27132,True,0,0
1001,859,200,-58,-27608,True,0,0
1001,860,200,-59,-28084,True,0,0
1001,861,200,-60,-28560,True,0,0
1001,862,200,-61,-29036,True,0,0
1001,863,200,-62,-29512,True,0,0
1001,864,200,-63,-29988,True,0,0
1001,865,200,-64,-30464,True,0,0
1001,866,200,-65,-30940,True,0,0
1001,867,200,-66,-31416,True,0,0
1001,868,200,-67,-31892,True,0,0
1001,869,200,-68,-32368,True,0,0
1001,870,200,-69,-32844,True,0,0
1001,871,200,-70,-33320,True,0,0
1001,872,200,-71,-33796,True,0,0
1001,873,200,-72,-34272,True,0,0
1001,874,200,-73,-34748,True,0,0
1001,875,200,-74,-35224,True,0,0
1001,876,200,-75,-35700,True,0,0
1001,877,200,-76,-36176,True,0,0
1001,878,200,-77,-36652,True,0,0
1001,879,200,-78,-37128,True,0,0
1001,880,200,-79,-37604,True,0,0
1001,881,200,-80,-38080,True,0,0
1001,882,200,-81,-38556,True,0,0
1001,883,200,-82,-39032,True,0,0
1001,884,200,-83,-39508,True,0,0
1001,885,200,-84,-39984,True,0,0
1001,886,200,-85,-40460,True,0,0
1001,887,200,-86,-40936,True,0,0
1001,888,200,-87,-41412,True,0,0
1001,889,200,-88,-41888,True,0,0
1001,890,200,-89,-42364,True,0,0
1001,891,200,-90,-42840,True,0,0
1001,892,200,-91,-43316,True,0,0
1001,893,200,-92,-43792,True,0,0
1001,894,200,-93,-44268,True,0,0
1001,895,200,-94,-44744,True,0,0
1001,896,200,-95,-45220,True,0,0
1001,897,200,-96,-45696,True,0,0
1001,898,200,-97,-46172,True,0,0
1001,899,200,-98,-46648,True,0,0
1001,900,200,-99,-47124,True,0,0
1001,901,200,-100,-47600,True,0,0
1001,902,200,-101,-48076,True,0,0
1001,903,200,-102,-48552,True,0,0
1001,904,200,-103,-49028,True,0,0
1001,905,200,-104,-49504,True,0,0
1001,906,200,-105,-49980,True,0,0
1001,907,200,-106,-50456,True,0,0
1001,908,200,-107,-50932,True,0,0
1001,909,200,-108,-51408,True,0,0
1001,910,200,-109,-51884,True,0,0
1001,911,200,-110,-52360,True,0,0
1001,912,200,-111,-52836,True,0,0
1001,913,200,-112,-53312,True,0,0
1001,914,200,-113,-53788,True,0,0
1001,915,200,-114,-54264,True,0,0
1001,916,200,-115,-54740,True,0,0
1001,917,200,-116,-55216,True,0,0
1001,918,200,-117,-55692,True,0,0
1001,919,200,-118,-56168,True,0,0
1001,920,200,-119,-56644,True,0,0
1001,921,200,-120,-57120,True,0,0
1001,922,200,-121,-57596,True,0,0
1001,923,200,-122,-58072,True,0,0
1001,924,200,-123,-58548,True,0,0
1001,925,200,-124,-59024,True,0,0
1001,926,200,-125,-59500,True,0,0
1001,927,200,-126,-59976,True,0,0
1001,928,200,-127,-60452,True,0,0
1001,929,200,-128,-60928,True,0,0
1001,930,200,-129,-61404,True,0,0
1001,931,200,-130,-61880,True,0,0
1001,932,200,-131,-62356,True,0,0
1001,933,200,-132,-62832,True,0,0
1001,934,200,-133,-63308,True,0,0
1001,935,200,-134,-63784,True,0,0
1001,936,200,-135,-64260,True,0,0
1001,937,200,-136,-64736,True,0,0
1001,938,200,-137,-65212,True,0,0
1001,939,200,-138,-65688,True,0,0
1001,940,200,-139,-66164,True,0,0
1001,941,200,-140,-66640,True,0,0
1001,942,200,-141,-67116,True,0,0
1001,943,200,-142,-67592,True,0,0
1001,944,200,-143,-68068,True,0,0
1001,945,200,-144,-68544,True,0,0
1001,946,200,-145,-69020,True,0,0
1001,947,200,-146,-69496,True,0,0
1001,948,200,-147,-69972,True,0,0
1001,949,200,-148,-70448,True,0,0
1001,950,200,-149,-70924,True,0,0
1001,951,200,-150,-71400,True,0,0
1001,952,200,-151,-71876,True,0,0
1001,953,200,-152,-72352,True,0,0
1001,954,200,-153,-72828,True,0,0
1001,955,200,-154,-73304,True,0,0
1001,956,200,-155,-73780,True,0,0
1001,957,200,-156,-74256,True,0,0
1001,958,200,-157,-74732,True,0,0
1001,959,200,-158,-75208,True,0,0
1001,960,200,-159,-75684,True,0,0
1001,961,200,-160,-76160,True,0,0
1001,962,200,-161,-76636,True,0,0
1001,963,200,-162,-77112,True,0,0
1001,964,200,-163,-77588,True,0,0
1001,965,200,-164,-78064,True,0,0
1001,966,200,-165,-78540,True,0,0
1001,967,200,-166,-79016,True,0,0
1001,968,200,-167,-79492,True,0,0
1001,969,200,-168,-79968,True,0,0
1001,970,200,-169,-80444,True,0,0
1001,971,200,-170,-80920,True,0,0
1001,972,200,-171,-81396,True,0,0
1001,973,200,-172,-81872,True,0,0
1001,974,200,-173,-82348,True,0,0
1001,975,200,-174,-82824,True,0,0
1001,976,200,-175,-83300,True,0,0
1001,977,200,-176,-83776,True,0,0
1001,978,200,-177,-84252,True,0,0
1001,979,200,-178,-84728,True,0,0
1001,980,200,-179,-85204,True,0,0
1001,981,200,-180,-85680,True,0,0
1001,982,200,-181,-86156,True,0,0
1001,983,200,-182,-86632,True,0,0
1001,984,200,-183,-87108,True,0,0
1001,985,200,-184,-87584,True,0,0
1001,986,200,-185,-88060,True,0,0
1001,987,200,-186,-88536,True,0,0
1001,988,200,-187,-89012,True,0,0
1001,989,200,-188,-89488,True,0,0
1001,990,200,-189,-89964,True,0,0
1001,991,200,-190,-90440,True,0,0
1001,992,200,-191,-90916,True,0,0
1001,993,200,-192,-91392,True,0,0
1001,994,200,-193,-91868,True,0,0
1001,995,200,-194,-92344,True,0,0
1001,996,200,-195,-92820,True,0,0
1001,997,200,-196,-93296,True,0,0
1001,998,200,-197,-93772,True,0,0
1001,999,200,-198,-94248,True,0,0
1001,1000,200,-199,-94724,True,0,0
1001,1001,200,-200,-95200,True,0,0
2000,0,200,1800,856800,False,1800,856800
2000,1,200,1799,856324,False,1799,856324
2000,2,200,1798,855848,False,1798,855848
2000,3,200,1797,855372,False,1797,855372
2000,4,200,1796,854896,False,1796,854896
2000,5,200,1795,854420,False,1795,854420
2000,6,200,1794,853944,False,1794,853944
2000,7,200,1793,853468,False,1793,853468
2000,8,200,1792,852992,False,1792,852992
2000,9,200,1791,852516,False,1791,852516
2000,10,200,1790,852040,False,1790,852040
2000,11,200,1789,851564,False,1789,851564
2000,12,200,1788,851088,False,1788,851088
2000,13,200,1787,850612,False,1787,850612
2000,14,200,1786,850136,False,1786,850136
2000,15,200,1785,849660,False,1785,849660
2000,16,200,1784,849184,False,1784,849184
2000,17,200,1783,848708,False,1783,848708
2000,18,200,1782,848232,False,1782,848232
2000,19,200,1781,847756,False,1781,847756
2000,20,200,1780,847280,False,1780,847280
2000,21,200,1779,846804,False,1779,846804
2000,22,200,1778,846328,False,1778,846328
2000,23,200,1777,845852,False,1777,845852
2000,24,200,1776,845376,False,1776,845376
2000,25,200,1775,844900,False,1775,844900
2000,26,200,1774,844424,False,1774,844424
2000,27,200,1773,843948,False,1773,843948
2000,28,200,1772,843472,False,1772,843472
2000,29,200,1771,842996,False,1771,842996
2000,30,200,1770,842520,False,1770,842520
2000,31,200,1769,842044,False,1769,842044
2000,32,200,1768,841568,False,1768,841568
2000,33,200,1767,841092,False,1767,841092
2000,34,200,1766,840616,False,1766,840616
2000,35,200,1765,840140,False,1765,840140
2000,36,200,1764,839664,False,1764,839664
2000,37,200,1763,839188,False,1763,839188
2000,38,200,1762,838712,False,1762,838712
2000,39,200,1761,838236,False,1761,838236
2000,40,200,1760,837760,False,1760,837760
2000,41,200,1759,837284,False,1759,837284
2000,42,200,1758,836808,False,1758,836808
2000,43,200,1757,836332,False,1757,836332
2000,44,200,1756,835856,False,1756,835856
2000,45,200,1755,835380,False,1755,835380
2000,46,200,1754,834904,False,1754,834904
2000,47,200,1753,834428,False,1753,834428
2000,48,200,1752,833952,False,1752,833952
2000,49,200,1751,833476,False,1751,833476
2000,50,200,1750,833000,False,1750,833000
2000,51,200,1749,832524,False,1749,832524
2000,52,200,1748,832048,False,1748,832048
2000,53,200,1747,831572,False,1747,831572
2000,54,200,1746,831096,False,1746,831096
2000,55,200,1745,830620,False,1745,830620
2000,56,200,1744,830144,False,1744,830144
2000,57,200,1743,829668,False,1743,829668
2000,58,200,1742,829192,False,1742,829192
2000,59,200,1741,828716,False,1741,828716
2000,60,200,1740,828240,False,1740,828240
2000,61,200,1739,827764,False,1739,827764
2000,62,200,1738,827288,False,1738,827288
2000,63,200,1737,826812,False,1737,826812
2000,64,200,1736,826336,False,1736,826336
2000,65,200,1735,825860,False,1735,825860
2000,66,200,1734,825384,False,1734,825384
2000,67,200,1733,824908,False,1733,824908
2000,68,200,1732,824432,False,1732,824432
2000,69,200,1731,823956,False,1731,823956
2000,70,200,1730,823480,False,1730,823480
2000,71,200,1729,823004,False,1729,823004
2000,72,200,1728,822528,False,1728,822528
2000,73,200,1727,822052,False,1727,822052
2000,74,200,1726,821576,False,1726,821576
2000,75,200,1725,821100,False,1725,821100
2000,76,200,1724,820624,False,1724,820624
2000,77,200,1723,820148,False,1723,820148
2000,78,200,1722,819672,False,1722,819672
2000,79,200,1721,819196,False,1721,819196
2000,80,200,1720,818720,False,1720,818720
2000,81,200,1719,818244,False,1719,818244
2000,82,200,1718,817768,False,1718,817768
2000,83,200,1717,817292,False,1717,817292
2000,84,200,1716,816816,False,1716,816816
2000,85,200,1715,816340,False,1715,816340
2000,86,200,1714,815864,False,1714,815864
2000,87,200,1713,815388,False,1713,815388
2000,88,200,1712,814912,False,1712,814912
2000,89,200,1711,814436,False,1711,814436
2000,90,200,1710,813960,False,1710,813960
2000,91,200,1709,813484,False,1709,813484
2000,92,200,1708,813008,False,1708,813008
2000,93,200,1707,812532,False,1707,812532
2000,94,200,1706,812056,False,1706,812056
2000,95,200,1705,811580,False,1705,811580
2000,96,200,1704,811104,False,1704,811104
2000,97,200,1703,810628,False,1703,810628
2000,98,200,1702,810152,False,1702,810152
2000,99,200,1701,809676,False,1701,809676
2000,100,200,1700,809200,False,1700,809200
2000,101,200,1699,808724,False,1699,808724
2000,102,200,1698,808248,False,1698,808248
2000,103,200,1697,807772,False,1697,807772
2000,104,200,1696,807296,False,1696,807296
2000,105,200,1695,806820,False,1695,806820
2000,106,200,1694,806344,False,1694,806344
2000,107,200,1693,805868,False,1693,805868
2000,108,200,1692,805392,False,1692,805392
2000,109,200,1691,804916,False,1691,804916
2000,110,200,1690,804440,False,1690,804440
2000,111,200,1689,803964,False,1689,803964
2000,112,200,1688,803488,False,1688,803488
2000,113,200,1687,803012,False,1687,803012
2000,114,200,1686,802536,False,1686,802536
2000,115,200,1685,802060,False,1685,802060
2000,116,200,1684,801584,False,1684,801584
2000,117,200,1683,801108,False,1683,801108
2000,118,200,1682,800632,False,1682,800632
2000,119,200,1681,800156,False,1681,800156
2000,120,200,1680,799680,False,1680,799680
2000,121,200,1679,799204,False,1679,799204
2000,122,200,1678,798728,False,1678,798728
2000,123,200,1677,798252,False,1677,798252
2000,124,200,1676,797776,False,1676,797776
2000,125,200,1675,797300,False,1675,797300
2000,126,200,1674,796824,False,1674,796824
2000,127,200,1673,796348,False,1673,796348
2000,128,200,1672,795872,False,1672,795872
2000,129,200,1671,795396,False,1671,795396
2000,130,200,1670,794920,False,1670,794920
2000,131,200,1669,794444,False,1669,794444
2000,132,200,1668,793968,False,1668,793968
2000,133,200,1667,793492,False,1667,793492
2000,134,200,1666,793016,False,1666,793016
2000,135,200,1665,792540,False,1665,792540
2000,136,200,1664,792064,False,1664,792064
2000,137,200,1663,791588,False,1663,791588
2000,138,200,1662,791112,False,1662,791112
2000,139,200,1661,790636,False,1661,790636
2000,140,200,1660,790160,False,1660,790160
2000,141,200,1659,789684,False,1659,789684
2000,142,200,1658,789208,False,1658,789208
2000,143,200,1657,788732,False,1657,788732
2000,144,200,1656,788256,False,1656,788256
2000,145,200,1655,787780,False,1655,787780
2000,146,200,1654,787304,False,1654,787304
2000,147,200,1653,786828,False,1653,786828
2000,148,200,1652,786352,False,1652,786352
2000,149,200,1651,785876,False,1651,785876
2000,150,200,1650,785400,False,1650,785400
2000,151,200,1649,784924,False,1649,784924
2000,152,200,1648,784448,False,1648,784448
2000,153,200,1647,783972,False,1647,783972
2000,154,200,1646,783496,False,1646,783496
2000,155,200,1645,783020,False,1645,783020
2000,156,200,1644,782544,False,1644,782544
2000,157,200,1643,782068,False,1643,782068
2000,158,200,1642,781592,False,1642,781592
2000,159,200,1641,781116,False,1641,781116
2000,160,200,1640,780640,False,1640,780640
2000,161,200,1639,780164,False,1639,780164
2000,162,200,1638,779688,False,1638,779688
2000,163,200,1637,779212,False,1637,779212
2000,164,200,1636,778736,False,1636,778736
2000,165,200,1635,778260,False,1635,778260
2000,166,200,1634,777784,False,1634,777784
2000,167,200,1633,777308,False,1633,777308
2000,168,200,1632,776832,False,1632,776832
2000,169,200,1631,776356,False,1631,776356
2000,170,200,1630,775880,False,1630,775880
2000,171,200,1629,775404,False,1629,775404
2000,172,200,1628,774928,False,1628,774928
2000,173,200,1627,774452,False,1627,774452
2000,174,200,1626,773976,False,1626,773976
2000,175,200,1625,773500,False,1625,773500
2000,176,200,1624,773024,False,1624,773024
2000,177,200,1623,772548,False,1623,772548
2000,178,200,1622,772072,False,1622,772072
2000,179,200,1621,771596,False,1621,771596
2000,180,200,1620,771120,False,1620,771120
2000,181,200,1619,770644,False,1619,770644
2000,182,200,1618,770168,False,1618,770168
2000,183,200,1617,769692,False,1617,769692
2000,184,200,1616,769216,False,1616,769216
2000,185,200,1615,768740,False,1615,768740
2000,186,200,1614,768264,False,1614,768264
2000,187,200,1613,767788,False,1613,767788
2000,188,200,1612,767312,False,1612,767312
2000,189,200,1611,766836,False,1611,766836
2000,190,200,1610,766360,False,1610,766360
2000,191,200,1609,765884,False,1609,765884
2000,192,200,1608,765408,False,1608,765408
2000,193,200,1607,764932,False,1607,764932
2000,194,200,1606,764456,False,1606,764456
2000,195,200,1605,763980,False,1605,763980
2000,196,200,1604,763504,False,1604,763504
2000,197,200,1603,763028,False,1603,763028
2000,198,200,1602,762552,False,1602,762552
2000,199,200,1601,762076,False,1601,762076
2000,200,200,1600,761600,False,1600,761600
2000,201,200,1599,761124,False,1599,761124
2000,202,200,1598,760648,False,1598,760648
2000,203,200,1597,760172,False,1597,760172
2000,204,200,1596,759696,False,1596,759696
2000,205,200,1595,759220,False,1595,759220
2000,206,200,1594,758744,False,1594,758744
2000,207,200,1593,758268,False,1593,758268
2000,208,200,1592,757792,False,1592,757792
2000,209,200,1591,757316,False,1591,757316
2000,210,200,1590,756840,False,1590,756840
2000,211,200,1589,756364,False,1589,756364
2000,212,200,1588,755888,False,1588,755888
2000,213,200,1587,755412,False,1587,755412
2000,214,200,1586,754936,False,1586,754936
2000,215,200,1585,754460,False,1585,754460
2000,216,200,1584,753984,False,1584,753984
2000,217,200,1583,753508,False,1583,753508
2000,218,200,1582,753032,False,1582,753032
2000,219,200,1581,752556,False,1581,752556
2000,220,200,1580,752080,False,1580,752080
2000,221,200,1579,751604,False,1579,751604
2000,222,200,1578,751128,False,1578,751128
2000,223,200,1577,750652,False,1577,750652
2000,224,200,1576,750176,False,1576,750176
2000,225,200,1575,749700,False,1575,749700
2000,226,200,1574,749224,False,1574,749224
2000,227,200,1573,748748,False,1573,748748
2000,228,200,1572,748272,False,1572,748272
2000,229,200,1571,747796,False,1571,747796
2000,230,200,1570,747320,False,1570,747320
2000,231,200,1569,746844,False,1569,746844
2000,232,200,1568,746368,False,1568,746368
2000,233,200,1567,745892,False,1567,745892
2000,234,200,1566,745416,False,1566,745416
2000,235,200,1565,744940,False,1565,744940
2000,236,200,1564,744464,False,1564,744464
2000,237,200,1563,743988,False,1563,743988
2000,238,200,1562,743512,False,1562,743512
2000,239,200,1561,743036,False,1561,743036
2000,240,200,1560,742560,False,1560,742560
2000,241,200,1559,742084,False,1559,742084
2000,242,200,1558,741608,False,1558,741608
2000,243,200,1557,741132,False,1557,741132
2000,244,200,1556,740656,False,1556,740656
2000,245,200,1555,740180,False,1555,740180
2000,246,200,1554,739704,False,1554,739704
2000,247,200,1553,739228,False,1553,739228
2000,248,200,1552,738752,False,1552,738752
2000,249,200,1551,738276,False,1551,738276
2000,250,200,1550,737800,False,1550,737800
2000,251,200,1549,737324,False,1549,737324
2000,252,200,1548,736848,False,1548,736848
2000,253,200,1547,736372,False,1547,736372
2000,254,200,1546,735896,False,1546,735896
2000,255,200,1545,735420,False,1545,735420
2000,256,200,1544,734944,False,1544,734944
2000,257,200,1543,734468,False,1543,734468
2000,258,200,1542,733992,False,1542,733992
2000,259,200,1541,733516,False,1541,733516
2000,260,200,1540,733040,False,1540,733040
2000,261,200,1539,732564,False,1539,732564
2000,262,200,1538,732088,False,1538,732088
2000,263,200,1537,731612,False,1537,731612
2000,264,200,1536,731136,False,1536,731136
2000,265,200,1535,730660,False,1535,730660
2000,266,200,1534,730184,False,1534,730184
2000,267,200,1533,729708,False,1533,729708
2000,268,200,1532,729232,False,1532,729232
2000,269,200,1531,728756,False,1531,728756
2000,270,200,1530,728280,False,1530,728280
2000,271,200,1529,727804,False,1529,727804
2000,272,200,1528,727328,False,1528,727328
2000,273,200,1527,726852,False,1527,726852
2000,274,200,1526,726376,False,1526,726376
2000,275,200,1525,725900,False,1525,725900
2000,276,200,1524,725424,False,1524,725424
2000,277,200,1523,724948,False,1523,724948
2000,278,200,1522,724472,False,1522,724472
2000,279,200,1521,723996,False,1521,723996
2000,280,200,1520,723520,False,1520,723520
2000,281,200,1519,723044,False,1519,723044
2000,282,200,1518,722568,False,1518,722568
2000,283,200,1517,722092,False,1517,722092
2000,284,200,1516,721616,False,1516,721616
2000,285,200,1515,721140,False,1515,721140
2000,286,200,1514,720664,False,1514,720664
2000,287,200,1513,720188,False,1513,720188
2000,288,200,1512,719712,False,1512,719712
2000,289,200,1511,719236,False,1511,719236
2000,290,200,1510,718760,False,1510,718760
2000,291,200,1509,718284,False,1509,718284
2000,292,200,1508,717808,False,1508,717808
2000,293,200,1507,717332,False,1507,717332
2000,294,200,1506,716856,False,1506,716856
2000,295,200,1505,716380,False,1505,716380
2000,296,200,1504,715904,False,1504,715904
2000,297,200,1503,715428,False,1503,715428
2000,298,200,1502,714952,False,1502,714952
2000,299,200,1501,714476,False,1501,714476
2000,300,200,1500,714000,False,1500,714000
2000,301,200,1499,713524,False,1499,713524
2000,302,200,1498,713048,False,1498,713048
2000,303,200,1497,712572,False,1497,712572
2000,304,200,1496,712096,False,1496,712096
2000,305,200,1495,711620,False,1495,711620
2000,306,200,1494,711144,False,1494,711144
2000,307,200,1493,710668,False,1493,710668
2000,308,200,1492,710192,False,1492,710192
2000,309,200,1491,709716,False,1491,709716
2000,310,200,1490,709240,False,1490,709240
2000,311,200,1489,708764,False,1489,708764
2000,312,200,1488,708288,False,1488,708288
2000,313,200,1487,707812,False,1487,707812
2000,314,200,1486,707336,False,1486,707336
2000,315,200,1485,706860,False,1485,706860
2000,316,200,1484,706384,False,1484,706384
2000,317,200,1483,705908,False,1483,705908
2000,318,200,1482,705432,False,1482,705432
2000,319,200,1481,704956,False,1481,704956
2000,320,200,1480,704480,False,1480,704480
2000,321,200,1479,704004,False,1479,704004
2000,322,200,1478,703528,False,1478,703528
2000,323,200,1477,703052,False,1477,703052
2000,324,200,1476,702576,False,1476,702576
2000,325,200,1475,702100,False,1475,702100
2000,326,200,1474,701624,False,1474,701624
2000,327,200,1473,701148,False,1473,701148
2000,328,200,1472,700672,False,1472,700672
2000,329,200,1471,700196,False,1471,700196
2000,330,200,1470,699720,False,1470,699720
2000,331,200,1469,699244,False,1469,699244
2000,332,200,1468,698768,False,1468,698768
2000,333,200,1467,698292,False,1467,698292
2000,334,200,1466,697816,False,1466,697816
2000,335,200,1465,697340,False,1465,697340
2000,336,200,1464,696864,False,1464,696864
2000,337,200,1463,696388,False,1463,696388
2000,338,200,1462,695912,False,1462,695912
2000,339,200,1461,695436,False,1461,695436
2000,340,200,1460,694960,False,1460,694960
2000,341,200,1459,694484,False,1459,694484
2000,342,200,1458,694008,False,1458,694008
2000,343,200,1457,693532,False,1457,693532
2000,344,200,1456,693056,False,1456,693056
2000,345,200,1455,692580,False,1455,692580
2000,346,200,1454,692104,False,1454,692104
2000,347,200,1453,691628,False,1453,691628
2000,348,200,1452,691152,False,1452,691152
2000,349,200,1451,690676,False,1451,690676
2000,350,200,1450,690200,False,1450,690200
2000,351,200,1449,689724,False,1449,689724
2000,352,200,1448,689248,False,1448,689248
2000,353,200,1447,688772,False,1447,688772
2000,354,200,1446,688296,False,1446,688296
2000,355,200,1445,687820,False,1445,687820
2000,356,200,1444,687344,False,1444,687344
2000,357,200,1443,686868,False,1443,686868
2000,358,200,1442,686392,False,1442,686392
2000,359,200,1441,685916,False,1441,685916
2000,360,200,1440,685440,False,1440,685440
2000,361,200,1439,684964,False,1439,684964
2000,362,200,1438,684488,False,1438,684488
2000,363,200,1437,684012,False,1437,684012
2000,364,200,1436,683536,False,1436,683536
2000,365,200,1435,683060,False,1435,683060
2000,366,200,1434,682584,False,1434,682584
2000,367,200,1433,682108,False,1433,682108
2000,368,200,1432,681632,False,1432,681632
2000,369,200,1431,681156,False,1431,681156
2000,370,200,1430,680680,False,1430,680680
2000,371,200,1429,680204,False,1429,680204
2000,372,200,1428,679728,False,1428,679728
2000,373,200,1427,679252,False,1427,679252
2000,374,200,1426,678776,False,1426,678776
2000,375,200,1425,678300,False,1425,678300
2000,376,200,1424,677824,False,1424,677824
2000,377,200,1423,677348,False,1423,677348
2000,378,200,1422,676872,False,1422,676872
2000,379,200,1421,676396,False,1421,676396
2000,380,200,1420,675920,False,1420,675920
2000,381,200,1419,675444,False,1419,675444
2000,382,200,1418,674968,False,1418,674968
2000,383,200,1417,674492,False,1417,674492
2000,384,200,1416,674016,False,1416,674016
2000,385,200,1415,673540,False,1415,673540
2000,386,200,1414,673064,False,1414,673064
2000,387,200,1413,672588,False,1413,672588
2000,388,200,1412,672112,False,1412,672112
2000,389,200,1411,671636,False,1411,671636
2000,390,200,1410,671160,False,1410,671160
2000,391,200,1409,670684,False,1409,670684
2000,392,200,1408,670208,False,1408,670208
2000,393,200,1407,669732,False,1407,669732
2000,394,200,1406,669256,False,1406,669256
2000,395,200,1405,668780,False,1405,668780
2000,396,200,1404,668304,False,1404,668304
2000,397,200,1403,667828,False,1403,667828
2000,398,200,1402,667352,False,1402,667352
2000,399,200,1401,666876,False,1401,666876
2000,400,200,1400,666400,False,1400,666400
2000,401,200,1399,665924,False,1399,665924
2000,402,200,1398,665448,False,1398,665448
2000,403,200,1397,664972,False,1397,664972
2000,404,200,1396,664496,False,1396,664496
2000,405,200,1395,664020,False,1395,664020
2000,406,200,1394,663544,False,1394,663544
2000,407,200,1393,663068,False,1393,663068
2000,408,200,1392,662592,False,1392,662592
2000,409,200,1391,662116,False,1391,662116
2000,410,200,1390,661640,False,1390,661640
2000,411,200,1389,661164,False,1389,661164
2000,412,200,1388,660688,False,1388,660688
2000,413,200,1387,660212,False,1387,660212
2000,414,200,1386,659736,False,1386,659736
2000,415,200,1385,659260,False,1385,659260
2000,416,200,1384,658784,False,1384,658784
2000,417,200,1383,658308,False,1383,658308
2000,418,200,1382,657832,False,1382,657832
2000,419,200,1381,657356,False,1381,657356
2000,420,200,1380,656880,False,1380,656880
2000,421,200,1379,656404,False,1379,656404
2000,422,200,1378,655928,False,1378,655928
2000,423,200,1377,655452,False,1377,655452
2000,424,200,1376,654976,False,1376,654976
2000,425,200,1375,654500,False,1375,654500
2000,426,200,1374,654024,False,1374,654024
2000,427,200,1373,653548,False,1373,653548
2000,428,200,1372,653072,False,1372,653072
2000,429,200,1371,652596,False,1371,652596
2000,430,200,1370,652120,False,1370,652120
2000,431,200,1369,651644,False,1369,651644
2000,432,200,1368,651168,False,1368,651168
2000,433,200,1367,650692,False,1367,650692
2000,434,200,1366,650216,False,1366,650216
2000,435,200,1365,649740,False,1365,649740
2000,436,200,1364,649264,False,1364,649264
2000,437,200,1363,648788,False,1363,648788
2000,438,200,1362,648312,False,1362,648312
2000,439,200,1361,647836,False,1361,647836
2000,440,200,1360,647360,False,1360,647360
2000,441,200,1359,646884,False,1359,646884
2000,442,200,1358,646408,False,1358,646408
2000,443,200,1357,645932,False,1357,645932
2000,444,200,1356,645456,False,1356,645456
2000,445,200,1355,644980,False,1355,644980
2000,446,200,1354,644504,False,1354,644504
2000,447,200,1353,644028,False,1353,644028
2000,448,200,1352,643552,False,1352,643552
2000,449,200,1351,643076,False,1351,643076
2000,450,200,1350,642600,False,1350,642600
2000,451,200,1349,642124,False,1349,642124
2000,452,200,1348,641648,False,1348,641648
2000,453,200,1347,641172,False,1347,641172
2000,454,200,1346,640696,False,1346,640696
2000,455,200,1345,640220,False,1345,640220
2000,456,200,1344,639744,False,1344,639744
2000,457,200,1343,639268,False,1343,639268
2000,458,200,1342,638792,False,1342,638792
2000,459,200,1341,638316,False,1341,638316
2000,460,200,1340,637840,False,1340,637840
2000,461,200,1339,637364,False,1339,637364
2000,462,200,1338,636888,False,1338,636888
2000,463,200,1337,636412,False,1337,636412
2000,464,200,1336,635936,False,1336,635936
2000,465,200,1335,635460,False,1335,635460
2000,466,200,1334,634984,False,1334,634984
2000,467,200,1333,634508,False,1333,634508
2000,468,200,1332,634032,False,1332,634032
2000,469,200,1331,633556,False,1331,633556
2000,470,200,1330,633080,False,1330,633080
2000,471,200,1329,632604,False,1329,632604
2000,472,200,1328,632128,False,1328,632128
2000,473,200,1327,631652,False,1327,631652
2000,474,200,1326,631176,False,1326,631176
2000,475,200,1325,630700,False,1325,630700
2000,476,200,1324,630224,False,1324,630224
2000,477,200,1323,629748,False,1323,629748
2000,478,200,1322,629272,False,1322,629272
2000,479,200,1321,628796,False,1321,628796
2000,480,200,1320,628320,False,1320,628320
2000,481,200,1319,627844,False,1319,627844
2000,482,200,1318,627368,False,1318,627368
2000,483,200,1317,626892,False,1317,626892
2000,484,200,1316,626416,False,1316,626416
2000,485,200,1315,625940,False,1315,625940
2000,486,200,1314,625464,False,1314,625464
2000,487,200,1313,624988,False,1313,624988
2000,488,200,1312,624512,False,1312,624512
2000,489,200,1311,624036,False,1311,624036
2000,490,200,1310,623560,False,1310,623560
2000,491,200,1309,623084,False,1309,623084
2000,492,200,1308,622608,False,1308,622608
2000,493,200,1307,622132,False,1307,622132
2000,494,200,1306,621656,False,1306,621656
2000,495,200,1305,621180,False,1305,621180
2000,496,200,1304,620704,False,1304,620704
2000,497,200,1303,620228,False,1303,620228
2000,498,200,1302,619752,False,1302,619752
2000,499,200,1301,619276,False,1301,619276
2000,500,200,1300,618800,False,1300,618800
2000,501,200,1299,618324,False,1299,618324
2000,502,200,1298,617848,False,1298,617848
2000,503,200,1297,617372,False,1297,617372
2000,504,200,1296,616896,False,1296,616896
2000,505,200,1295,616420,False,1295,616420
2000,506,200,1294,615944,False,1294,615944
2000,507,200,1293,615468,False,1293,615468
2000,508,200,1292,614992,False,1292,614992
2000,509,200,1291,614516,False,1291,614516
2000,510,200,1290,614040,False,1290,614040
2000,511,200,1289,613564,False,1289,613564
2000,512,200,1288,613088,False,1288,613088
2000,513,200,1287,612612,False,1287,612612
2000,514,200,1286,612136,False,1286,612136
2000,515,200,1285,611660,False,1285,611660
2000,516,200,1284,611184,False,1284,611184
2000,517,200,1283,610708,False,1283,610708
2000,518,200,1282,610232,False,1282,610232
2000,519,200,1281,609756,False,1281,609756
2000,520,200,1280,609280,False,1280,609280
2000,521,200,1279,608804,False,1279,608804
2000,522,200,1278,608328,False,1278,608328
2000,523,200,1277,607852,False,1277,607852
2000,524,200,1276,607376,False,1276,607376
2000,525,200,1275,606900,False,1275,606900
2000,526,200,1274,606424,False,1274,606424
2000,527,200,1273,605948,False,1273,605948
2000,528,200,1272,605472,False,1272,605472
2000,529,200,1271,604996,False,1271,604996
2000,530,200,1270,604520,False,1270,604520
2000,531,200,1269,604044,False,1269,604044
2000,532,200,1268,603568,False,1268,603568
2000,533,200,1267,603092,False,1267,603092
2000,534,200,1266,602616,False,1266,602616
2000,535,200,1265,602140,False,1265,602140
2000,536,200,1264,601664,False,1264,601664
2000,537,200,1263,601188,False,1263,601188
2000,538,200,1262,600712,False,1262,600712
2000,539,200,1261,600236,False,1261,600236
2000,540,200,1260,599760,False,1260,599760
2000,541,200,1259,599284,False,1259,599284
2000,542,200,1258,598808,False,1258,598808
2000,543,200,1257,598332,False,1257,598332
2000,544,200,1256,597856,False,1256,597856
2000,545,200,1255,597380,False,1255,597380
2000,546,200,1254,596904,False,1254,596904
2000,547,200,1253,596428,False,1253,596428
2000,548,200,1252,595952,False,1252,595952
2000,549,200,1251,595476,False,1251,595476
2000,550,200,1250,595000,False,1250,595000
2000,551,200,1249,594524,False,1249,594524
2000,552,200,1248,594048,False,1248,594048
2000,553,200,1247,593572,False,1247,593572
2000,554,200,1246,593096,False,1246,593096
2000,555,200,1245,592620,False,1245,592620
2000,556,200,1244,592144,False,1244,592144
2000,557,200,1243,591668,False,1243,591668
2000,558,200,1242,591192,False,1242,591192
2000,559,200,1241,590716,False,1241,590716
2000,560,200,1240,590240,False,1240,590240
2000,561,200,1239,589764,False,1239,589764
2000,562,200,1238,589288,False,1238,589288
2000,563,200,1237,588812,False,1237,588812
2000,564,200,1236,588336,False,1236,588336
2000,565,200,1235,587860,False,1235,587860
2000,566,200,1234,587384,False,1234,587384
2000,567,200,1233,586908,False,1233,586908
2000,568,200,1232,586432,False,1232,586432
2000,569,200,1231,585956,False,1231,585956
2000,570,200,1230,585480,False,1230,585480
2000,571,200,1229,585004,False,1229,585004
2000,572,200,1228,584528,False,1228,584528
2000,573,200,1227,584052,False,1227,584052
2000,574,200,1226,583576,False,1226,583576
2000,575,200,1225,583100,False,1225,583100
2000,576,200,1224,582624,False,1224,582624
2000,577,200,1223,582148,False,1223,582148
2000,578,200,1222,581672,False,1222,581672
2000,579,200,1221,581196,False,1221,581196
2000,580,200,1220,580720,False,1220,580720
2000,581,200,1219,580244,False,1219,580244
2000,582,200,1218,579768,False,1218,579768
2000,583,200,1217,579292,False,1217,579292
2000,584,200,1216,578816,False,1216,578816
2000,585,200,1215,578340,False,1215,578340
2000,586,200,1214,577864,False,1214,577864
2000,587,200,1213,577388,False,1213,577388
2000,588,200,1212,576912,False,1212,576912
2000,589,200,1211,576436,False,1211,576436
2000,590,200,1210,575960,False,1210,575960
2000,591,200,1209,575484,False,1209,575484
2000,592,200,1208,575008,False,1208,575008
2000,593,200,1207,574532,False,1207,574532
2000,594,200,1206,574056,False,1206,574056
2000,595,200,1205,573580,False,1205,573580
2000,596,200,1204,573104,False,1204,573104
2000,597,200,1203,572628,False,1203,572628
2000,598,200,1202,572152,False,1202,572152
2000,599,200,1201,571676,False,1201,571676
2000,600,200,1200,571200,False,1200,571200
2000,601,200,1199,570724,False,1199,570724
2000,602,200,1198,570248,False,1198,570248
2000,603,200,1197,569772,False,1197,569772
2000,604,200,1196,569296,False,1196,569296
2000,605,200,1195,568820,False,1195,568820
2000,606,200,1194,568344,False,1194,568344
2000,607,200,1193,567868,False,1193,567868
2000,608,200,1192,567392,False,1192,567392
2000,609,200,1191,566916,False,1191,566916
2000,610,200,1190,566440,False,1190,566440
2000,611,200,1189,565964,False,1189,565964
2000,612,200,1188,565488,False,1188,565488
2000,613,200,1187,565012,False,1187,565012
2000,614,200,1186,564536,False,1186,564536
2000,615,200,1185,564060,False,1185,564060
2000,616,200,1184,563584,False,1184,563584
2000,617,200,1183,563108,False,1183,563108
2000,618,200,1182,562632,False,1182,562632
2000,619,200,1181,562156,False,1181,562156
2000,620,200,1180,561680,False,1180,561680
2000,621,200,1179,561204,False,1179,561204
2000,622,200,1178,560728,False,1178,560728
2000,623,200,1177,560252,False,1177,560252
2000,624,200,1176,559776,False,1176,559776
2000,625,200,1175,559300,False,1175,559300
2000,626,200,1174,558824,False,1174,558824
2000,627,200,1173,558348,False,1173,558348
2000,628,200,1172,557872,False,1172,557872
2000,629,200,1171,557396,False,1171,557396
2000,630,200,1170,556920,False,1170,556920
2000,631,200,1169,556444,False,1169,556444
2000,632,200,1168,555968,False,1168,555968
2000,633,200,1167,555492,False,1167,555492
2000,634,200,1166,555016,False,1166,555016
2000,635,200,1165,554540,False,1165,554540
2000,636,200,1164,554064,False,1164,554064
2000,637,200,1163,553588,False,1163,553588
2000,638,200,1162,553112,False,1162,553112
2000,639,200,1161,552636,False,1161,552636
2000,640,200,1160,552160,False,1160,552160
2000,641,200,1159,551684,False,1159,551684
2000,642,200,1158,551208,False,1158,551208
2000,643,200,1157,550732,False,1157,550732
2000,644,200,1156,550256,False,1156,550256
2000,645,200,1155,549780,False,1155,549780
2000,646,200,1154,549304,False,1154,549304
2000,647,200,1153,548828,False,1153,548828
2000,648,200,1152,548352,False,1152,548352
2000,649,200,1151,547876,False,1151,547876
2000,650,200,1150,547400,False,1150,547400
2000,651,200,1149,546924,False,1149,546924
2000,652,200,1148,546448,False,1148,546448
2000,653,200,1147,545972,False,1147,545972
2000,654,200,1146,545496,False,1146,545496
2000,655,200,1145,545020,False,1145,545020
2000,656,200,1144,544544,False,1144,544544
2000,657,200,1143,544068,False,1143,544068
2000,658,200,1142,543592,False,1142,543592
2000,659,200,1141,543116,False,1141,543116
2000,660,200,1140,542640,False,1140,542640
2000,661,200,1139,542164,False,1139,542164
2000,662,200,1138,541688,False,1138,541688
2000,663,200,1137,541212,False,1137,541212
2000,664,200,1136,540736,False,1136,540736
2000,665,200,1135,540260,False,1135,540260
2000,666,200,1134,539784,False,1134,539784
2000,667,200,1133,539308,False,1133,539308
2000,668,200,1132,538832,False,1132,538832
2000,669,200,1131,538356,False,1131,538356
2000,670,200,1130,537880,False,1130,537880
2000,671,200,1129,537404,False,1129,537404
2000,672,200,1128,536928,False,1128,536928
2000,673,200,1127,536452,False,1127,536452
2000,674,200,1126,535976,False,1126,535976
2000,675,200,1125,535500,False,1125,535500
2000,676,200,1124,535024,False,1124,535024
2000,677,200,1123,534548,False,1123,534548
2000,678,200,1122,534072,False,1122,534072
2000,679,200,1121,533596,False,1121,533596
2000,680,200,1120,533120,False,1120,533120
2000,681,200,1119,532644,False,1119,532644
2000,682,200,1118,532168,False,1118,532168
2000,683,200,1117,531692,False,1117,531692
2000,684,200,1116,531216,False,1116,531216
2000,685,200,1115,530740,False,1115,530740
2000,686,200,1114,530264,False,1114,530264
2000,687,200,1113,529788,False,1113,529788
2000,688,200,1112,529312,False,1112,529312
2000,689,200,1111,528836,False,1111,528836
2000,690,200,1110,528360,False,1110,528360
2000,691,200,1109,527884,False,1109,527884
2000,692,200,1108,527408,False,1108,527408
2000,693,200,1107,526932,False,1107,526932
2000,694,200,1106,526456,False,1106,526456
2000,695,200,1105,525980,False,1105,525980
2000,696,200,1104,525504,False,1104,525504
2000,697,200,1103,525028,False,1103,525028
2000,698,200,1102,524552,False,1102,524552
2000,699,200,1101,524076,False,1101,524076
2000,700,200,1100,523600,False,1100,523600
2000,701,200,1099,523124,False,1099,523124
2000,702,200,1098,522648,False,1098,522648
2000,703,200,1097,522172,False,1097,522172
2000,704,200,1096,521696,False,1096,521696
2000,705,200,1095,521220,False,1095,521220
2000,706,200,1094,520744,False,1094,520744
2000,707,200,1093,520268,False,1093,520268
2000,708,200,1092,519792,False,1092,519792
2000,709,200,1091,519316,False,1091,519316
2000,710,200,1090,518840,False,1090,518840
2000,711,200,1089,518364,False,1089,518364
2000,712,200,1088,517888,False,1088,517888
2000,713,200,1087,517412,False,1087,517412
2000,714,200,1086,516936,False,1086,516936
2000,715,200,1085,516460,False,1085,516460
2000,716,200,1084,515984,False,1084,515984
2000,717,200,1083,515508,False,1083,515508
2000,718,200,1082,515032,False,1082,515032
2000,719,200,1081,514556,False,1081,514556
2000,720,200,1080,514080,False,1080,514080
2000,721,200,1079,513604,False,1079,513604
2000,722,200,1078,513128,False,1078,513128
2000,723,200,1077,512652,False,1077,512652
2000,724,200,1076,512176,False,1076,512176
2000,725,200,1075,511700,False,1075,511700
2000,726,200,1074,511224,False,1074,511224
2000,727,200,1073,510748,False,1073,510748
2000,728,200,1072,510272,False,1072,510272
2000,729,200,1071,509796,False,1071,509796
2000,730,200,1070,509320,False,1070,509320
2000,731,200,1069,508844,False,1069,508844
2000,732,200,1068,508368,False,1068,508368
2000,733,200,1067,507892,False,1067,507892
2000,734,200,1066,507416,False,1066,507416
2000,735,200,1065,506940,False,1065,506940
2000,736,200,1064,506464,False,1064,506464
2000,737,200,1063,505988,False,1063,505988
2000,738,200,1062,505512,False,1062,505512
2000,739,200,1061,505036,False,1061,505036
2000,740,200,1060,504560,False,1060,504560
2000,741,200,1059,504084,False,1059,504084
2000,742,200,1058,503608,False,1058,503608
2000,743,200,1057,503132,False,1057,503132
2000,744,200,1056,502656,False,1056,502656
2000,745,200,1055,502180,False,1055,502180
2000,746,200,1054,501704,False,1054,501704
2000,747,200,1053,501228,False,1053,501228
2000,748,200,1052,500752,False,1052,500752
2000,749,200,1051,500276,False,1051,500276
2000,750,200,1050,499800,False,1050,499800
2000,751,200,1049,499324,False,1049,499324
2000,752,200,1048,498848,False,1048,498848
2000,753,200,1047,498372,False,1047,498372
2000,754,200,1046,497896,False,1046,497896
2000,755,200,1045,497420,False,1045,497420
2000,756,200,1044,496944,False,1044,496944
2000,757,200,1043,496468,False,1043,496468
2000,758,200,1042,495992,False,1042,495992
2000,759,200,1041,495516,False,1041,495516
2000,760,200,1040,495040,False,1040,495040
2000,761,200,1039,494564,False,1039,494564
2000,762,200,1038,494088,False,1038,494088
2000,763,200,1037,493612,False,1037,493612
2000,764,200,1036,493136,False,1036,493136
2000,765,200,1035,492660,False,1035,492660
2000,766,200,1034,492184,False,1034,492184
2000,767,200,1033,491708,False,1033,491708
2000,768,200,1032,491232,False,1032,491232
2000,769,200,1031,490756,False,1031,490756
2000,770,200,1030,490280,False,1030,490280
2000,771,200,1029,489804,False,1029,489804
2000,772,200,1028,489328,False,1028,489328
2000,773,200,1027,488852,False,1027,488852
2000,774,200,1026,488376,False,1026,488376
2000,775,200,1025,487900,False,1025,487900
2000,776,200,1024,487424,False,1024,487424
2000,777,200,1023,486948,False,1023,486948
2000,778,200,1022,486472,False,1022,486472
2000,779,200,1021,485996,False,1021,485996
2000,780,200,1020,485520,False,1020,485520
2000,781,200,1019,485044,False,1019,485044
2000,782,200,1018,484568,False,1018,484568
2000,783,200,1017,484092,False,1017,484092
2000,784,200,1016,483616,False,1016,483616
2000,785,200,1015,483140,False,1015,483140
2000,786,200,1014,482664,False,1014,482664
2000,787,200,1013,482188,False,1013,482188
2000,788,200,1012,481712,False,1012,481712
2000,789,200,1011,481236,False,1011,481236
2000,790,200,1010,480760,False,1010,480760
2000,791,200,1009,480284,False,1009,480284
2000,792,200,1008,479808,False,1008,479808
2000,793,200,1007,479332,False,1007,479332
2000,794,200,1006,478856,False,1006,478856
2000,795,200,1005,478380,False,1005,478380
2000,796,200,1004,477904,False,1004,477904
2000,797,200,1003,477428,False,1003,477428
2000,798,200,1002,476952,False,1002,476952
2000,799,200,1001,476476,False,1001,476476
2000,800,200,1000,476000,False,1000,476000
2000,801,200,999,475524,False,999,475524
2000,802,200,998,475048,False,998,475048
2000,803,200,997,474572,False,997,474572
2000,804,200,996,474096,False,996,474096
2000,805,200,995,473620,False,995,473620
2000,806,200,994,473144,False,994,473144
2000,807,200,993,472668,False,993,472668
2000,808,200,992,472192,False,992,472192
2000,809,200,991,471716,False,991,471716
2000,810,200,990,471240,False,990,471240
2000,811,200,989,470764,False,989,470764
2000,812,200,988,470288,False,988,470288
2000,813,200,987,469812,False,987,469812
2000,814,200,986,469336,False,986,469336
2000,815,200,985,468860,False,985,468860
2000,816,200,984,468384,False,984,468384
2000,817,200,983,467908,False,983,467908
2000,818,200,982,467432,False,982,467432
2000,819,200,981,466956,False,981,466956
2000,820,200,980,466480,False,980,466480
2000,821,200,979,466004,False,979,466004
2000,822,200,978,465528,False,978,465528
2000,823,200,977,465052,False,977,465052
2000,824,200,976,464576,False,976,464576
2000,825,200,975,464100,False,975,464100
2000,826,200,974,463624,False,974,463624
2000,827,200,973,463148,False,973,463148
2000,828,200,972,462672,False,972,462672
2000,829,200,971,462196,False,971,462196
2000,830,200,970,461720,False,970,461720
2000,831,200,969,461244,False,969,461244
2000,832,200,968,460768,False,968,460768
2000,833,200,967,460292,False,967,460292
2000,834,200,966,459816,False,966,459816
2000,835,200,965,459340,False,965,459340
2000,836,200,964,458864,False,964,458864
2000,837,200,963,458388,False,963,458388
2000,838,200,962,457912,False,962,457912
2000,839,200,961,457436,False,961,457436
2000,840,200,960,456960,False,960,456960
2000,841,200,959,456484,False,959,456484
2000,842,200,958,456008,False,958,456008
2000,843,200,957,455532,False,957,455532
2000,844,200,956,455056,False,956,455056
2000,845,200,955,454580,False,955,454580
2000,846,200,954,454104,False,954,454104
2000,847,200,953,453628,False,953,453628
2000,848,200,952,453152,False,952,453152
2000,849,200,951,452676,False,951,452676
2000,850,200,950,452200,False,950,452200
2000,851,200,949,451724,False,949,451724
2000,852,200,948,451248,False,948,451248
2000,853,200,947,450772,False,947,450772
2000,854,200,946,450296,False,946,450296
2000,855,200,945,449820,False,945,449820
2000,856,200,944,449344,False,944,449344
2000,857,200,943,448868,False,943,448868
2000,858,200,942,448392,False,942,448392
2000,859,200,941,447916,False,941,447916
2000,860,200,940,447440,False,940,447440
2000,861,200,939,446964,False,939,446964
2000,862,200,938,446488,False,938,446488
2000,863,200,937,446012,False,937,446012
2000,864,200,936,445536,False,936,445536
2000,865,200,935,445060,False,935,445060
2000,866,200,934,444584,False,934,444584
2000,867,200,933,444108,False,933,444108
2000,868,200,932,443632,False,932,443632
2000,869,200,931,443156,False,931,443156
2000,870,200,930,442680,False,930,442680
2000,871,200,929,442204,False,929,442204
2000,872,200,928,441728,False,928,441728
2000,873,200,927,441252,False,927,441252
2000,874,200,926,440776,False,926,440776
2000,875,200,925,440300,False,925,440300
2000,876,200,924,439824,False,924,439824
2000,877,200,923,439348,False,923,439348
2000,878,200,922,438872,False,922,438872
2000,879,200,921,438396,False,921,438396
2000,880,200,920,437920,False,920,437920
2000,881,200,919,437444,False,919,437444
2000,882,200,918,436968,False,918,436968
2000,883,200,917,436492,False,917,436492
2000,884,200,916,436016,False,916,436016
2000,885,200,915,435540,False,915,435540
2000,886,200,914,435064,False,914,435064
2000,887,200,913,434588,False,913,434588
2000,888,200,912,434112,False,912,434112
2000,889,200,911,433636,False,911,433636
2000,890,200,910,433160,False,910,433160
2000,891,200,909,432684,False,909,432684
2000,892,200,908,432208,False,908,432208
2000,893,200,907,431732,False,907,431732
2000,894,200,906,431256,False,906,431256
2000,895,200,905,430780,False,905,430780
2000,896,200,904,430304,False,904,430304
2000,897,200,903,429828,False,903,429828
2000,898,200,902,429352,False,902,429352
2000,899,200,901,428876,False,901,428876
2000,900,200,900,428400,False,900,428400
2000,901,200,899,427924,False,899,427924
2000,902,200,898,427448,False,898,427448
2000,903,200,897,426972,False,897,426972
2000,904,200,896,426496,False,896,426496
2000,905,200,895,426020,False,895,426020
2000,906,200,894,425544,False,894,425544
2000,907,200,893,425068,False,893,425068
2000,908,200,892,424592,False,892,424592
2000,909,200,891,424116,False,891,424116
2000,910,200,890,423640,False,890,423640
2000,911,200,889,423164,False,889,423164
2000,912,200,888,422688,False,888,422688
2000,913,200,887,422212,False,887,422212
2000,914,200,886,421736,False,886,421736
2000,915,200,885,421260,False,885,421260
2000,916,200,884,420784,False,884,420784
2000,917,200,883,420308,False,883,420308
2000,918,200,882,419832,False,882,419832
2000,919,200,881,419356,False,881,419356
2000,920,200,880,418880,False,880,418880
2000,921,200,879,418404,False,879,418404
2000,922,200,878,417928,False,878,417928
2000,923,200,877,417452,False,877,417452
2000,924,200,876,416976,False,876,416976
2000,925,200,875,416500,False,875,416500
2000,926,200,874,416024,False,874,416024
2000,927,200,873,415548,False,873,415548
2000,928,200,872,415072,False,872,415072
2000,929,200,871,414596,False,871,414596
2000,930,200,870,414120,False,870,414120
2000,931,200,869,413644,False,869,413644
2000,932,200,868,413168,False,868,413168
2000,933,200,867,412692,False,867,412692
2000,934,200,866,412216,False,866,412216
2000,935,200,865,411740,False,865,411740
2000,936,200,864,411264,False,864,411264
2000,937,200,863,410788,False,863,410788
2000,938,200,862,410312,False,862,410312
2000,939,200,861,409836,False,861,409836
2000,940,200,860,409360,False,860,409360
2000,941,200,859,408884,False,859,408884
2000,942,200,858,408408,False,858,408408
2000,943,200,857,407932,False,857,407932
2000,944,200,856,407456,False,856,407456
2000,945,200,855,406980,False,855,406980
2000,946,200,854,406504,False,854,406504
2000,947,200,853,406028,False,853,406028
2000,948,200,852,405552,False,852,405552
2000,949,200,851,405076,False,851,405076
2000,950,200,850,404600,False,850,404600
2000,951,200,849,404124,False,849,404124
2000,952,200,848,403648,False,848,403648
2000,953,200,847,403172,False,847,403172
2000,954,200,846,402696,False,846,402696
2000,955,200,845,402220,False,845,402220
2000,956,200,844,401744,False,844,401744
2000,957,200,843,401268,False,843,401268
2000,958,200,842,400792,False,842,400792
2000,959,200,841,400316,False,841,400316
2000,960,200,840,399840,False,840,399840
2000,961,200,839,399364,False,839,399364
2000,962,200,838,398888,False,838,398888
2000,963,200,837,398412,False,837,398412
2000,964,200,836,397936,False,836,397936
2000,965,200,835,397460,False,835,397460
2000,966,200,834,396984,False,834,396984
2000,967,200,833,396508,False,833,396508
2000,968,200,832,396032,False,832,396032
2000,969,200,831,395556,False,831,395556
2000,970,200,830,395080,False,830,395080
2000,971,200,829,394604,False,829,394604
2000,972,200,828,394128,False,828,394128
2000,973,200,827,393652,False,827,393652
2000,974,200,826,393176,False,826,393176
2000,975,200,825,392700,False,825,392700
2000,976,200,824,392224,False,824,392224
2000,977,200,823,391748,False,823,391748
2000,978,200,822,391272,False,822,391272
2000,979,200,821,390796,False,821,390796
2000,980,200,820,390320,False,820,390320
2000,981,200,819,389844,False,819,389844
2000,982,200,818,389368,False,818,389368
2000,983,200,817,388892,False,817,388892
2000,984,200,816,388416,False,816,388416
2000,985,200,815,387940,False,815,387940
2000,986,200,814,387464,False,814,387464
2000,987,200,813,386988,False,813,386988
2000,988,200,812,386512,False,812,386512
2000,989,200,811,386036,False,811,386036
2000,990,200,810,385560,False,810,385560
2000,991,200,809,385084,False,809,385084
2000,992,200,808,384608,False,808,384608
2000,993,200,807,384132,False,807,384132
2000,994,200,806,383656,False,806,383656
2000,995,200,805,383180,False,805,383180
2000,996,200,804,382704,False,804,382704
2000,997,200,803,382228,False,803,382228
2000,998,200,802,381752,False,802,381752
2000,999,200,801,381276,False,801,381276
2000,1000,200,800,380800,False,800,380800
2000,1001,200,799,380324,False,799,380324
2000,1002,200,798,379848,False,798,379848
2000,1003,200,797,379372,False,797,379372
2000,1004,200,796,378896,False,796,378896
2000,1005,200,795,378420,False,795,378420
2000,1006,200,794,377944,False,794,377944
2000,1007,200,793,377468,False,793,377468
2000,1008,200,792,376992,False,792,376992
2000,1009,200,791,376516,False,791,376516
2000,1010,200,790,376040,False,790,376040
2000,1011,200,789,375564,False,789,375564
2000,1012,200,788,375088,False,788,375088
2000,1013,200,787,374612,False,787,374612
2000,1014,200,786,374136,False,786,374136
2000,1015,200,785,373660,False,785,373660
2000,1016,200,784,373184,False,784,373184
2000,1017,200,783,372708,False,783,372708
2000,1018,200,782,372232,False,782,372232
2000,1019,200,781,371756,False,781,371756
2000,1020,200,780,371280,False,780,371280
2000,1021,200,779,370804,False,779,370804
2000,1022,200,778,370328,False,778,370328
2000,1023,200,777,369852,False,777,369852
2000,1024,200,776,369376,False,776,369376
2000,1025,200,775,368900,False,775,368900
2000,1026,200,774,368424,False,774,368424
2000,1027,200,773,367948,False,773,367948
2000,1028,200,772,367472,False,772,367472
2000,1029,200,771,366996,False,771,366996
2000,1030,200,770,366520,False,770,366520
2000,1031,200,769,366044,False,769,366044
2000,1032,200,768,365568,False,768,365568
2000,1033,200,767,365092,False,767,365092
2000,1034,200,766,364616,False,766,364616
2000,1035,200,765,364140,False,765,364140
2000,1036,200,764,363664,False,764,363664
2000,1037,200,763,363188,False,763,363188
2000,1038,200,762,362712,False,762,362712
2000,1039,200,761,362236,False,761,362236
2000,1040,200,760,361760,False,760,361760
2000,1041,200,759,361284,False,759,361284
2000,1042,200,758,360808,False,758,360808
2000,1043,200,757,360332,False,757,360332
2000,1044,200,756,359856,False,756,359856
2000,1045,200,755,359380,False,755,359380
2000,1046,200,754,358904,False,754,358904
2000,1047,200,753,358428,False,753,358428
2000,1048,200,752,357952,False,752,357952
2000,1049,200,751,357476,False,751,357476
2000,1050,200,750,357000,False,750,357000
2000,1051,200,749,356524,False,749,356524
2000,1052,200,748,356048,False,748,356048
2000,1053,200,747,355572,False,747,355572
2000,1054,200,746,355096,False,746,355096
2000,1055,200,745,354620,False,745,354620
2000,1056,200,744,354144,False,744,354144
2000,1057,200,743,353668,False,743,353668
2000,1058,200,742,353192,False,742,353192
2000,1059,200,741,352716,False,741,352716
2000,1060,200,740,352240,False,740,352240
2000,1061,200,739,351764,False,739,351764
2000,1062,200,738,351288,False,738,351288
2000,1063,200,737,350812,False,737,350812
2000,1064,200,736,350336,False,736,350336
2000,1065,200,735,349860,False,735,349860
2000,1066,200,734,349384,False,734,349384
2000,1067,200,733,348908,False,733,348908
2000,1068,200,732,348432,False,732,348432
2000,1069,200,731,347956,False,731,347956
2000,1070,200,730,347480,False,730,347480
2000,1071,200,729,347004,False,729,347004
2000,1072,200,728,346528,False,728,346528
2000,1073,200,727,346052,False,727,346052
2000,1074,200,726,345576,False,726,345576
2000,1075,200,725,345100,False,725,345100
2000,1076,200,724,344624,False,724,344624
2000,1077,200,723,344148,False,723,344148
2000,1078,200,722,343672,False,722,343672
2000,1079,200,721,343196,False,721,343196
2000,1080,200,720,342720,False,720,342720
2000,1081,200,719,342244,False,719,342244
2000,1082,200,718,341768,False,718,341768
2000,1083,200,717,341292,False,717,341292
2000,1084,200,716,340816,False,716,340816
2000,1085,200,715,340340,False,715,340340
2000,1086,200,714,339864,False,714,339864
2000,1087,200,713,339388,False,713,339388
2000,1088,200,712,338912,False,712,338912
2000,1089,200,711,338436,False,711,338436
2000,1090,200,710,337960,False,710,337960
2000,1091,200,709,337484,False,709,337484
2000,1092,200,708,337008,False,708,337008
2000,1093,200,707,336532,False,707,336532
2000,1094,200,706,336056,False,706,336056
2000,1095,200,705,335580,False,705,335580
2000,1096,200,704,335104,False,704,335104
2000,1097,200,703,334628,False,703,334628
2000,1098,200,702,334152,False,702,334152
2000,1099,200,701,333676,False,701,333676
2000,1100,200,700,333200,False,700,333200
2000,1101,200,699,332724,False,699,332724
2000,1102,200,698,332248,False,698,332248
2000,1103,200,697,331772,False,697,331772
2000,1104,200,696,331296,False,696,331296
2000,1105,200,695,330820,False,695,330820
2000,1106,200,694,330344,False,694,330344
2000,1107,200,693,329868,False,693,329868
2000,1108,200,692,329392,False,692,329392
2000,1109,200,691,328916,False,691,328916
2000,1110,200,690,328440,False,690,328440
2000,1111,200,689,327964,False,689,327964
2000,1112,200,688,327488,False,688,327488
2000,1113,200,687,327012,False,687,327012
2000,1114,200,686,326536,False,686,326536
2000,1115,200,685,326060,False,685,326060
2000,1116,200,684,325584,False,684,325584
2000,1117,200,683,325108,False,683,325108
2000,1118,200,682,324632,False,682,324632
2000,1119,200,681,324156,False,681,324156
2000,1120,200,680,323680,False,680,323680
2000,1121,200,679,323204,False,679,323204
2000,1122,200,678,322728,False,678,322728
2000,1123,200,677,322252,False,677,322252
2000,1124,200,676,321776,False,676,321776
2000,1125,200,675,321300,False,675,321300
2000,1126,200,674,320824,False,674,320824
2000,1127,200,673,320348,False,673,320348
2000,1128,200,672,319872,False,672,319872
2000,1129,200,671,319396,False,671,319396
2000,1130,200,670,318920,False,670,318920
2000,1131,200,669,318444,False,669,318444
2000,1132,200,668,317968,False,668,317968
2000,1133,200,667,317492,False,667,317492
2000,1134,200,666,317016,False,666,317016
2000,1135,200,665,316540,False,665,316540
2000,1136,200,664,316064,False,664,316064
2000,1137,200,663,315588,False,663,315588
2000,1138,200,662,315112,False,662,315112
2000,1139,200,661,314636,False,661,314636
2000,1140,200,660,314160,False,660,314160
2000,1141,200,659,313684,False,659,313684
2000,1142,200,658,313208,False,658,313208
2000,1143,200,657,312732,False,657,312732
2000,1144,200,656,312256,False,656,312256
2000,1145,200,655,311780,False,655,311780
2000,1146,200,654,311304,False,654,311304
2000,1147,200,653,310828,False,653,310828
2000,1148,200,652,310352,False,652,310352
2000,1149,200,651,309876,False,651,309876
2000,1150,200,650,309400,False,650,309400
2000,1151,200,649,308924,False,649,308924
2000,1152,200,648,308448,False,648,308448
2000,1153,200,647,307972,False,647,307972
2000,1154,200,646,307496,False,646,307496
2000,1155,200,645,307020,False,645,307020
2000,1156,200,644,306544,False,644,306544
2000,1157,200,643,306068,False,643,306068
2000,1158,200,642,305592,False,642,305592
2000,1159,200,641,305116,False,641,305116
2000,1160,200,640,304640,False,640,304640
2000,1161,200,639,304164,False,639,304164
2000,1162,200,638,303688,False,638,303688
2000,1163,200,637,303212,False,637,303212
2000,1164,200,636,302736,False,636,302736
2000,1165,200,635,302260,False,635,302260
2000,1166,200,634,301784,False,634,301784
2000,1167,200,633,301308,False,633,301308
2000,1168,200,632,300832,False,632,300832
2000,1169,200,631,300356,False,631,300356
2000,1170,200,630,299880,False,630,299880
2000,1171,200,629,299404,False,629,299404
2000,1172,200,628,298928,False,628,298928
2000,1173,200,627,298452,False,627,298452
2000,1174,200,626,297976,False,626,297976
2000,1175,200,625,297500,False,625,297500
2000,1176,200,624,297024,False,624,297024
2000,1177,200,623,296548,False,623,296548
2000,1178,200,622,296072,False,622,296072
2000,1179,200,621,295596,False,621,295596
2000,1180,200,620,295120,False,620,295120
2000,1181,200,619,294644,False,619,294644
2000,1182,200,618,294168,False,618,294168
2000,1183,200,617,293692,False,617,293692
2000,1184,200,616,293216,False,616,293216
2000,1185,200,615,292740,False,615,292740
2000,1186,200,614,292264,False,614,292264
2000,1187,200,613,291788,False,613,291788
2000,1188,200,612,291312,False,612,291312
2000,1189,200,611,290836,False,611,290836
2000,1190,200,610,290360,False,610,290360
2000,1191,200,609,289884,False,609,289884
2000,1192,200,608,289408,False,608,289408
2000,1193,200,607,288932,False,607,288932
2000,1194,200,606,288456,False,606,288456
2000,1195,200,605,287980,False,605,287980
2000,1196,200,604,287504,False,604,287504
2000,1197,200,603,287028,False,603,287028
2000,1198,200,602,286552,False,602,286552
2000,1199,200,601,286076,False,601,286076
2000,1200,200,600,285600,False,600,285600
2000,1201,200,599,285124,False,599,285124
2000,1202,200,598,284648,False,598,284648
2000,1203,200,597,284172,False,597,284172
2000,1204,200,596,283696,False,596,283696
2000,1205,200,595,283220,False,595,283220
2000,1206,200,594,282744,False,594,282744
2000,1207,200,593,282268,False,593,282268
2000,1208,200,592,281792,False,592,281792
2000,1209,200,591,281316,False,591,281316
2000,1210,200,590,280840,False,590,280840
2000,1211,200,589,280364,False,589,280364
2000,1212,200,588,279888,False,588,279888
2000,1213,200,587,279412,False,587,279412
2000,1214,200,586,278936,False,586,278936
2000,1215,200,585,278460,False,585,278460
2000,1216,200,584,277984,False,584,277984
2000,1217,200,583,277508,False,583,277508
2000,1218,200,582,277032,False,582,277032
2000,1219,200,581,276556,False,581,276556
2000,1220,200,580,276080,False,580,276080
2000,1221,200,579,275604,False,579,275604
2000,1222,200,578,275128,False,578,275128
2000,1223,200,577,274652,False,577,274652
2000,1224,200,576,274176,False,576,274176
2000,1225,200,575,273700,False,575,273700
2000,1226,200,574,273224,False,574,273224
2000,1227,200,573,272748,False,573,272748
2000,1228,200,572,272272,False,572,272272
2000,1229,200,571,271796,False,571,271796
2000,1230,200,570,271320,False,570,271320
2000,1231,200,569,270844,False,569,270844
2000,1232,200,568,270368,False,568,270368
2000,1233,200,567,269892,False,567,269892
2000,1234,200,566,269416,False,566,269416
2000,1235,200,565,268940,False,565,268940
2000,1236,200,564,268464,False,564,268464
2000,1237,200,563,267988,False,563,267988
2000,1238,200,562,267512,False,562,267512
2000,1239,200,561,267036,False,561,267036
2000,1240,200,560,266560,False,560,266560
2000,1241,200,559,266084,False,559,266084
2000,1242,200,558,265608,False,558,265608
2000,1243,200,557,265132,False,557,265132
2000,1244,200,556,264656,False,556,264656
2000,1245,200,555,264180,False,555,264180
2000,1246,200,554,263704,False,554,263704
2000,1247,200,553,263228,False,553,263228
2000,1248,200,552,262752,False,552,262752
2000,1249,200,551,262276,False,551,262276
2000,1250,200,550,261800,False,550,261800
2000,1251,200,549,261324,False,549,261324
2000,1252,200,548,260848,False,548,260848
2000,1253,200,547,260372,False,547,260372
2000,1254,200,546,259896,False,546,259896
2000,1255,200,545,259420,False,545,259420
2000,1256,200,544,258944,False,544,258944
2000,1257,200,543,258468,False,543,258468
2000,1258,200,542,257992,False,542,257992
2000,1259,200,541,257516,False,541,257516
2000,1260,200,540,257040,False,540,257040
2000,1261,200,539,256564,False,539,256564
2000,1262,200,538,256088,False,538,256088
2000,1263,200,537,255612,False,537,255612
2000,1264,200,536,255136,False,536,255136
2000,1265,200,535,254660,False,535,254660
2000,1266,200,534,254184,False,534,254184
2000,1267,200,533,253708,False,533,253708
2000,1268,200,532,253232,False,532,253232
2000,1269,200,531,252756,False,531,252756
2000,1270,200,530,252280,False,530,252280
2000,1271,200,529,251804,False,529,251804
2000,1272,200,528,251328,False,528,251328
2000,1273,200,527,250852,False,527,250852
2000,1274,200,526,250376,False,526,250376
2000,1275,200,525,249900,False,525,249900
2000,1276,200,524,249424,False,524,249424
2000,1277,200,523,248948,False,523,248948
2000,1278,200,522,248472,False,522,248472
2000,1279,200,521,247996,False,521,247996
2000,1280,200,520,247520,False,520,247520
2000,1281,200,519,247044,False,519,247044
2000,1282,200,518,246568,False,518,246568
2000,1283,200,517,246092,False,517,246092
2000,1284,200,516,245616,False,516,245616
2000,1285,200,515,245140,False,515,245140
2000,1286,200,514,244664,False,514,244664
2000,1287,200,513,244188,False,513,244188
2000,1288,200,512,243712,False,512,243712
2000,1289,200,511,243236,False,511,243236
2000,1290,200,510,242760,False,510,242760
2000,1291,200,509,242284,False,509,242284
2000,1292,200,508,241808,False,508,241808
2000,1293,200,507,241332,False,507,241332
2000,1294,200,506,240856,False,506,240856
2000,1295,200,505,240380,False,505,240380
2000,1296,200,504,239904,False,504,239904
2000,1297,200,503,239428,False,503,239428
2000,1298,200,502,238952,False,502,238952
2000,1299,200,501,238476,False,501,238476
2000,1300,200,500,238000,False,500,238000
2000,1301,200,499,237524,False,499,237524
2000,1302,200,498,237048,False,498,237048
2000,1303,200,497,236572,False,497,236572
2000,1304,200,496,236096,False,496,236096
2000,1305,200,495,235620,False,495,235620
2000,1306,200,494,235144,False,494,235144
2000,1307,200,493,234668,False,493,234668
2000,1308,200,492,234192,False,492,234192
2000,1309,200,491,233716,False,491,233716
2000,1310,200,490,233240,False,490,233240
2000,1311,200,489,232764,False,489,232764
2000,1312,200,488,232288,False,488,232288
2000,1313,200,487,231812,False,487,231812
2000,1314,200,486,231336,False,486,231336
2000,1315,200,485,230860,False,485,230860
2000,1316,200,484,230384,False,484,230384
2000,1317,200,483,229908,False,483,229908
2000,1318,200,482,229432,False,482,229432
2000,1319,200,481,228956,False,481,228956
2000,1320,200,480,228480,False,480,228480
2000,1321,200,479,228004,False,479,228004
2000,1322,200,478,227528,False,478,227528
2000,1323,200,477,227052,False,477,227052
2000,1324,200,476,226576,False,476,226576
2000,1325,200,475,226100,False,475,226100
2000,1326,200,474,225624,False,474,225624
2000,1327,200,473,225148,False,473,225148
2000,1328,200,472,224672,False,472,224672
2000,1329,200,471,224196,False,471,224196
2000,1330,200,470,223720,False,470,223720
2000,1331,200,469,223244,False,469,223244
2000,1332,200,468,222768,False,468,222768
2000,1333,200,467,222292,False,467,222292
2000,1334,200,466,221816,False,466,221816
2000,1335,200,465,221340,False,465,221340
2000,1336,200,464,220864,False,464,220864
2000,1337,200,463,220388,False,463,220388
2000,1338,200,462,219912,False,462,219912
2000,1339,200,461,219436,False,461,219436
2000,1340,200,460,218960,False,460,218960
2000,1341,200,459,218484,False,459,218484
2000,1342,200,458,218008,False,458,218008
2000,1343,200,457,217532,False,457,217532
2000,1344,200,456,217056,False,456,217056
2000,1345,200,455,216580,False,455,216580
2000,1346,200,454,216104,False,454,216104
2000,1347,200,453,215628,False,453,215628
2000,1348,200,452,215152,False,452,215152
2000,1349,200,451,214676,False,451,214676
2000,1350,200,450,214200,False,450,214200
2000,1351,200,449,213724,False,449,213724
2000,1352,200,448,213248,False,448,213248
2000,1353,200,447,212772,False,447,212772
2000,1354,200,446,212296,False,446,212296
2000,1355,200,445,211820,False,445,211820
2000,1356,200,444,211344,False,444,211344
2000,1357,200,443,210868,False,443,210868
2000,1358,200,442,210392,False,442,210392
2000,1359,200,441,209916,False,441,209916
2000,1360,200,440,209440,False,440,209440
2000,1361,200,439,208964,False,439,208964
2000,1362,200,438,208488,False,438,208488
2000,1363,200,437,208012,False,437,208012
2000,1364,200,436,207536,False,436,207536
2000,1365,200,435,207060,False,435,207060
2000,1366,200,434,206584,False,434,206584
2000,1367,200,433,206108,False,433,206108
2000,1368,200,432,205632,False,432,205632
2000,1369,200,431,205156,False,431,205156
2000,1370,200,430,204680,False,430,204680
2000,1371,200,429,204204,False,429,204204
2000,1372,200,428,203728,False,428,203728
2000,1373,200,427,203252,False,427,203252
2000,1374,200,426,202776,False,426,202776
2000,1375,200,425,202300,False,425,202300
2000,1376,200,424,201824,False,424,201824
2000,1377,200,423,201348,False,423,201348
2000,1378,200,422,200872,False,422,200872
2000,1379,200,421,200396,False,421,200396
2000,1380,200,420,199920,False,420,199920
2000,1381,200,419,199444,False,419,199444
2000,1382,200,418,198968,False,418,198968
2000,1383,200,417,198492,False,417,198492
2000,1384,200,416,198016,False,416,198016
2000,1385,200,415,197540,False,415,197540
2000,1386,200,414,197064,False,414,197064
2000,1387,200,413,196588,False,413,196588
2000,1388,200,412,196112,False,412,196112
2000,1389,200,411,195636,False,411,195636
2000,1390,200,410,195160,False,410,195160
2000,1391,200,409,194684,False,409,194684
2000,1392,200,408,194208,False,408,194208
2000,1393,200,407,193732,False,407,193732
2000,1394,200,406,193256,False,406,193256
2000,1395,200,405,192780,False,405,192780
2000,1396,200,404,192304,False,404,192304
2000,1397,200,403,191828,False,403,191828
2000,1398,200,402,191352,False,402,191352
2000,1399,200,401,190876,False,401,190876
2000,1400,200,400,190400,False,400,190400
2000,1401,200,399,189924,False,399,189924
2000,1402,200,398,189448,False,398,189448
2000,1403,200,397,188972,False,397,188972
2000,1404,200,396,188496,False,396,188496
2000,1405,200,395,188020,False,395,188020
2000,1406,200,394,187544,False,394,187544
2000,1407,200,393,187068,False,393,187068
2000,1408,200,392,186592,False,392,186592
2000,1409,200,391,186116,False,391,186116
2000,1410,200,390,185640,False,390,185640
2000,1411,200,389,185164,False,389,185164
2000,1412,200,388,184688,False,388,184688
2000,1413,200,387,184212,False,387,184212
2000,1414,200,386,183736,False,386,183736
2000,1415,200,385,183260,False,385,183260
2000,1416,200,384,182784,False,384,182784
2000,1417,200,383,182308,False,383,182308
2000,1418,200,382,181832,False,382,181832
2000,1419,200,381,181356,False,381,181356
2000,1420,200,380,180880,False,380,180880
2000,1421,200,379,180404,False,379,180404
2000,1422,200,378,179928,False,378,179928
2000,1423,200,377,179452,False,377,179452
2000,1424,200,376,178976,False,376,178976
2000,1425,200,375,178500,False,375,178500
2000,1426,200,374,178024,False,374,178024
2000,1427,200,373,177548,False,373,177548
2000,1428,200,372,177072,False,372,177072
2000,1429,200,371,176596,False,371,176596
2000,1430,200,370,176120,False,370,176120
2000,1431,200,369,175644,False,369,175644
2000,1432,200,368,175168,False,368,175168
2000,1433,200,367,174692,False,367,174692
2000,1434,200,366,174216,False,366,174216
2000,1435,200,365,173740,False,365,173740
2000,1436,200,364,173264,False,364,173264
2000,1437,200,363,172788,False,363,172788
2000,1438,200,362,172312,False,362,172312
2000,1439,200,361,171836,False,361,171836
2000,1440,200,360,171360,False,360,171360
2000,1441,200,359,170884,False,359,170884
2000,1442,200,358,170408,False,358,170408
2000,1443,200,357,169932,False,357,169932
2000,1444,200,356,169456,False,356,169456
2000,1445,200,355,168980,False,355,168980
2000,1446,200,354,168504,False,354,168504
2000,1447,200,353,168028,False,353,168028
2000,1448,200,352,167552,False,352,167552
2000,1449,200,351,167076,False,351,167076
2000,1450,200,350,166600,False,350,166600
2000,1451,200,349,166124,False,349,166124
2000,1452,200,348,165648,False,348,165648
2000,1453,200,347,165172,False,347,165172
2000,1454,200,346,164696,False,346,164696
2000,1455,200,345,164220,False,345,164220
2000,1456,200,344,163744,False,344,163744
2000,1457,200,343,163268,False,343,163268
2000,1458,200,342,162792,False,342,162792
2000,1459,200,341,162316,False,341,162316
2000,1460,200,340,161840,False,340,161840
2000,1461,200,339,161364,False,339,161364
2000,1462,200,338,160888,False,338,160888
2000,1463,200,337,160412,False,337,160412
2000,1464,200,336,159936,False,336,159936
2000,1465,200,335,159460,False,335,159460
2000,1466,200,334,158984,False,334,158984
2000,1467,200,333,158508,False,333,158508
2000,1468,200,332,158032,False,332,158032
2000,1469,200,331,157556,False,331,157556
2000,1470,200,330,157080,False,330,157080
2000,1471,200,329,156604,False,329,156604
2000,1472,200,328,156128,False,328,156128
2000,1473,200,327,155652,False,327,155652
2000,1474,200,326,155176,False,326,155176
2000,1475,200,325,154700,False,325,154700
2000,1476,200,324,154224,False,324,154224
2000,1477,200,323,153748,False,323,153748
2000,1478,200,322,153272,False,322,153272
2000,1479,200,321,152796,False,321,152796
2000,1480,200,320,152320,False,320,152320
2000,1481,200,319,151844,False,319,151844
2000,1482,200,318,151368,False,318,151368
2000,1483,200,317,150892,False,317,150892
2000,1484,200,316,150416,False,316,150416
2000,1485,200,315,149940,False,315,149940
2000,1486,200,314,149464,False,314,149464
2000,1487,200,313,148988,False,313,148988
2000,1488,200,312,148512,False,312,148512
2000,1489,200,311,148036,False,311,148036
2000,1490,200,310,147560,False,310,147560
2000,1491,200,309,147084,False,309,147084
2000,1492,200,308,146608,False,308,146608
2000,1493,200,307,146132,False,307,146132
2000,1494,200,306,145656,False,306,145656
2000,1495,200,305,145180,False,305,145180
2000,1496,200,304,144704,False,304,144704
2000,1497,200,303,144228,False,303,144228
2000,1498,200,302,143752,False,302,143752
2000,1499,200,301,143276,False,301,143276
2000,1500,200,300,142800,False,300,142800
2000,1501,200,299,142324,False,299,142324
2000,1502,200,298,141848,False,298,141848
2000,1503,200,297,141372,False,297,141372
2000,1504,200,296,140896,False,296,140896
2000,1505,200,295,140420,False,295,140420
2000,1506,200,294,139944,False,294,139944
2000,1507,200,293,139468,False,293,139468
2000,1508,200,292,138992,False,292,138992
2000,1509,200,291,138516,False,291,138516
2000,1510,200,290,138040,False,290,138040
2000,1511,200,289,137564,False,289,137564
2000,1512,200,288,137088,False,288,137088
2000,1513,200,287,136612,False,287,136612
2000,1514,200,286,136136,False,286,136136
2000,1515,200,285,135660,False,285,135660
2000,1516,200,284,135184,False,284,135184
2000,1517,200,283,134708,False,283,134708
2000,1518,200,282,134232,False,282,134232
2000,1519,200,281,133756,False,281,133756
2000,1520,200,280,133280,False,280,133280
2000,1521,200,279,132804,False,279,132804
2000,1522,200,278,132328,False,278,132328
2000,1523,200,277,131852,False,277,131852
2000,1524,200,276,131376,False,276,131376
2000,1525,200,275,130900,False,275,130900
2000,1526,200,274,130424,False,274,130424
2000,1527,200,273,129948,False,273,129948
2000,1528,200,272,129472,False,272,129472
2000,1529,200,271,128996,False,271,128996
2000,1530,200,270,128520,False,270,128520
2000,1531,200,269,128044,False,269,128044
2000,1532,200,268,127568,False,268,127568
2000,1533,200,267,127092,False,267,127092
2000,1534,200,266,126616,False,266,126616
2000,1535,200,265,126140,False,265,126140
2000,1536,200,264,125664,False,264,125664
2000,1537,200,263,125188,False,263,125188
2000,1538,200,262,124712,False,262,124712
2000,1539,200,261,124236,False,261,124236
2000,1540,200,260,123760,False,260,123760
2000,1541,200,259,123284,False,259,123284
2000,1542,200,258,122808,False,258,122808
2000,1543,200,257,122332,False,257,122332
2000,1544,200,256,121856,False,256,121856
2000,1545,200,255,121380,False,255,121380
2000,1546,200,254,120904,False,254,120904
2000,1547,200,253,120428,False,253,120428
2000,1548,200,252,119952,False,252,119952
2000,1549,200,251,119476,False,251,119476
2000,1550,200,250,119000,False,250,119000
2000,1551,200,249,118524,False,249,118524
2000,1552,200,248,118048,False,248,118048
2000,1553,200,247,117572,False,247,117572
2000,1554,200,246,117096,False,246,117096
2000,1555,200,245,116620,False,245,116620
2000,1556,200,244,116144,False,244,116144
2000,1557,200,243,115668,False,243,115668
2000,1558,200,242,115192,False,242,115192
2000,1559,200,241,114716,False,241,114716
2000,1560,200,240,114240,False,240,114240
2000,1561,200,239,113764,False,239,113764
2000,1562,200,238,113288,False,238,113288
2000,1563,200,237,112812,False,237,112812
2000,1564,200,236,112336,False,236,112336
2000,1565,200,235,111860,False,235,111860
2000,1566,200,234,111384,False,234,111384
2000,1567,200,233,110908,False,233,110908
2000,1568,200,232,110432,False,232,110432
2000,1569,200,231,109956,False,231,109956
2000,1570,200,230,109480,False,230,109480
2000,1571,200,229,109004,False,229,109004
2000,1572,200,228,108528,False,228,108528
2000,1573,200,227,108052,False,227,108052
2000,1574,200,226,107576,False,226,107576
2000,1575,200,225,107100,False,225,107100
2000,1576,200,224,106624,False,224,106624
2000,1577,200,223,106148,False,223,106148
2000,1578,200,222,105672,False,222,105672
2000,1579,200,221,105196,False,221,105196
2000,1580,200,220,104720,False,220,104720
2000,1581,200,219,104244,False,219,104244
2000,1582,200,218,103768,False,218,103768
2000,1583,200,217,103292,False,217,103292
2000,1584,200,216,102816,False,216,102816
2000,1585,200,215,102340,False,215,102340
2000,1586,200,214,101864,False,214,101864
2000,1587,200,213,101388,False,213,101388
2000,1588,200,212,100912,False,212,100912
2000,1589,200,211,100436,False,211,100436
2000,1590,200,210,99960,False,210,99960
2000,1591,200,209,99484,False,209,99484
2000,1592,200,208,99008,False,208,99008
2000,1593,200,207,98532,False,207,98532
2000,1594,200,206,98056,False,206,98056
2000,1595,200,205,97580,False,205,97580
2000,1596,200,204,97104,False,204,97104
2000,1597,200,203,96628,False,203,96628
2000,1598,200,202,96152,False,202,96152
2000,1599,200,201,95676,False,201,95676
2000,1600,200,200,95200,False,200,95200
2000,1601,200,199,94724,False,199,94724
2000,1602,200,198,94248,False,198,94248
2000,1603,200,197,93772,False,197,93772
2000,1604,200,196,93296,False,196,93296
2000,1605,200,195,92820,False,195,92820
2000,1606,200,194,92344,False,194,92344
2000,1607,200,193,91868,False,193,91868
2000,1608,200,192,91392,False,192,91392
2000,1609,200,191,90916,False,191,90916
2000,1610,200,190,90440,False,190,90440
2000,1611,200,189,89964,False,189,89964
2000,1612,200,188,89488,False,188,89488
2000,1613,200,187,89012,False,187,89012
2000,1614,200,186,88536,False,186,88536
2000,1615,200,185,88060,False,185,88060
2000,1616,200,184,87584,False,184,87584
2000,1617,200,183,87108,False,183,87108
2000,1618,200,182,86632,False,182,86632
2000,1619,200,181,86156,False,181,86156
2000,1620,200,180,85680,False,180,85680
2000,1621,200,179,85204,False,179,85204
2000,1622,200,178,84728,False,178,84728
2000,1623,200,177,84252,False,177,84252
2000,1624,200,176,83776,False,176,83776
2000,1625,200,175,83300,False,175,83300
2000,1626,200,174,82824,False,174,82824
2000,1627,200,173,82348,False,173,82348
2000,1628,200,172,81872,False,172,81872
2000,1629,200,171,81396,False,171,81396
2000,1630,200,170,80920,False,170,80920
2000,1631,200,169,80444,False,169,80444
2000,1632,200,168,79968,False,168,79968
2000,1633,200,167,79492,False,167,79492
2000,1634,200,166,79016,False,166,79016
2000,1635,200,165,78540,False,165,78540
2000,1636,200,164,78064,False,164,78064
2000,1637,200,163,77588,False,163,77588
2000,1638,200,162,77112,False,162,77112
2000,1639,200,161,76636,False,161,76636
2000,1640,200,160,76160,False,160,76160
2000,1641,200,159,75684,False,159,75684
2000,1642,200,158,75208,False,158,75208
2000,1643,200,157,74732,False,157,74732
2000,1644,200,156,74256,False,156,74256
2000,1645,200,155,73780,False,155,73780
2000,1646,200,154,73304,False,154,73304
2000,1647,200,153,72828,False,153,72828
2000,1648,200,152,72352,False,152,72352
2000,1649,200,151,71876,False,151,71876
2000,1650,200,150,71400,False,150,71400
2000,1651,200,149,70924,False,149,70924
2000,1652,200,148,70448,False,148,70448
2000,1653,200,147,69972,False,147,69972
2000,1654,200,146,69496,False,146,69496
2000,1655,200,145,69020,False,145,69020
2000,1656,200,144,68544,False,144,68544
2000,1657,200,143,68068,False,143,68068
2000,1658,200,142,67592,False,142,67592
2000,1659,200,141,67116,False,141,67116
2000,1660,200,140,66640,False,140,66640
2000,1661,200,139,66164,False,139,66164
2000,1662,200,138,65688,False,138,65688
2000,1663,200,137,65212,False,137,65212
2000,1664,200,136,64736,False,136,64736
2000,1665,200,135,64260,False,135,64260
2000,1666,200,134,63784,False,134,63784
2000,1667,200,133,63308,False,133,63308
2000,1668,200,132,62832,False,132,62832
2000,1669,200,131,62356,False,131,62356
2000,1670,200,130,61880,False,130,61880
2000,1671,200,129,61404,False,129,61404
2000,1672,200,128,60928,False,128,60928
2000,1673,200,127,60452,False,127,60452
2000,1674,200,126,59976,False,126,59976
2000,1675,200,125,59500,False,125,59500
2000,1676,200,124,59024,False,124,59024
2000,1677,200,123,58548,False,123,58548
2000,1678,200,122,58072,False,122,58072
2000,1679,200,121,57596,False,121,57596
2000,1680,200,120,57120,False,120,57120
2000,1681,200,119,56644,False,119,56644
2000,1682,200,118,56168,False,118,56168
2000,1683,200,117,55692,False,117,55692
2000,1684,200,116,55216,False,116,55216
2000,1685,200,115,54740,False,115,54740
2000,1686,200,114,54264,False,114,54264
2000,1687,200,113,53788,False,113,53788
2000,1688,200,112,53312,False,112,53312
2000,1689,200,111,52836,False,111,52836
2000,1690,200,110,52360,False,110,52360
2000,1691,200,109,51884,False,109,51884
2000,1692,200,108,51408,False,108,51408
2000,1693,200,107,50932,False,107,50932
2000,1694,200,106,50456,False,106,50456
2000,1695,200,105,49980,False,105,49980
2000,1696,200,104,49504,False,104,49504
2000,1697,200,103,49028,False,103,49028
2000,1698,200,102,48552,False,102,48552
2000,1699,200,101,48076,False,101,48076
2000,1700,200,100,47600,False,100,47600
2000,1701,200,99,47124,False,99,47124
2000,1702,200,98,46648,False,98,46648
2000,1703,200,97,46172,False,97,46172
2000,1704,200,96,45696,False,96,45696
2000,1705,200,95,45220,False,95,45220
2000,1706,200,94,44744,False,94,44744
2000,1707,200,93,44268,False,93,44268
2000,1708,200,92,43792,False,92,43792
2000,1709,200,91,43316,False,91,43316
2000,1710,200,90,42840,False,90,42840
2000,1711,200,89,42364,False,89,42364
2000,1712,200,88,41888,False,88,41888
2000,1713,200,87,41412,False,87,41412
2000,1714,200,86,40936,False,86,40936
2000,1715,200,85,40460,False,85,40460
2000,1716,200,84,39984,False,84,39984
2000,1717,200,83,39508,False,83,39508
2000,1718,200,82,39032,False,82,39032
2000,1719,200,81,38556,False,81,38556
2000,1720,200,80,38080,False,80,38080
2000,1721,200,79,37604,False,79,37604
2000,1722,200,78,37128,False,78,37128
2000,1723,200,77,36652,False,77,36652
2000,1724,200,76,36176,False,76,36176
2000,1725,200,75,35700,False,75,35700
2000,1726,200,74,35224,False,74,35224
2000,1727,200,73,34748,False,73,34748
2000,1728,200,72,34272,False,72,34272
2000,1729,200,71,33796,False,71,33796
2000,1730,200,70,33320,False,70,33320
2000,1731,200,69,32844,False,69,32844
2000,1732,200,68,32368,False,68,32368
2000,1733,200,67,31892,False,67,31892
2000,1734,200,66,31416,False,66,31416
2000,1735,200,65,30940,False,65,30940
2000,1736,200,64,30464,False,64,30464
2000,1737,200,63,29988,False,63,29988
2000,1738,200,62,29512,False,62,29512
2000,1739,200,61,29036,False,61,29036
2000,1740,200,60,28560,False,60,28560
2000,1741,200,59,28084,False,59,28084
2000,1742,200,58,27608,False,58,27608
2000,1743,200,57,27132,False,57,27132
2000,1744,200,56,26656,False,56,26656
2000,1745,200,55,26180,False,55,26180
2000,1746,200,54,25704,False,54,25704
2000,1747,200,53,25228,False,53,25228
2000,1748,200,52,24752,False,52,24752
2000,1749,200,51,24276,False,51,24276
2000,1750,200,50,23800,False,50,23800
2000,1751,200,49,23324,False,49,23324
2000,1752,200,48,22848,False,48,22848
2000,1753,200,47,22372,False,47,22372
2000,1754,200,46,21896,False,46,21896
2000,1755,200,45,21420,False,45,21420
2000,1756,200,44,20944,False,44,20944
2000,1757,200,43,20468,False,43,20468
2000,1758,200,42,19992,False,42,19992
2000,1759,200,41,19516,False,41,19516
2000,1760,200,40,19040,False,40,19040
2000,1761,200,39,18564,False,39,18564
2000,1762,200,38,18088,False,38,18088
2000,1763,200,37,17612,False,37,17612
2000,1764,200,36,17136,False,36,17136
2000,1765,200,35,16660,False,35,16660
2000,1766,200,34,16184,False,34,16184
2000,1767,200,33,15708,False,33,15708
2000,1768,200,32,15232,False,32,15232
2000,1769,200,31,14756,False,31,14756
2000,1770,200,30,14280,False,30,14280
2000,1771,200,29,13804,False,29,13804
2000,1772,200,28,13328,False,28,13328
2000,1773,200,27,12852,False,27,12852
2000,1774,200,26,12376,False,26,12376
2000,1775,200,25,11900,False,25,11900
2000,1776,200,24,11424,False,24,11424
2000,1777,200,23,10948,False,23,10948
2000,1778,200,22,10472,False,22,10472
2000,1779,200,21,9996,False,21,9996
2000,1780,200,20,9520,False,20,9520
2000,1781,200,19,9044,False,19,9044
2000,1782,200,18,8568,False,18,8568
2000,1783,200,17,8092,False,17,8092
2000,1784,200,16,7616,False,16,7616
2000,1785,200,15,7140,False,15,7140
2000,1786,200,14,6664,False,14,6664
2000,1787,200,13,6188,False,13,6188
2000,1788,200,12,5712,False,12,5712
2000,1789,200,11,5236,False,11,5236
2000,1790,200,10,4760,False,10,4760
2000,1791,200,9,4284,False,9,4284
2000,1792,200,8,3808,False,8,3808
2000,1793,200,7,3332,False,7,3332
2000,1794,200,6,2856,False,6,2856
2000,1795,200,5,2380,False,5,2380
2000,1796,200,4,1904,False,4,1904
2000,1797,200,3,1428,False,3,1428
2000,1798,200,2,952,False,2,952
2000,1799,200,1,476,False,1,476
2000,1800,200,0,0,False,0,0
2000,1801,200,-1,-476,True,0,0
2000,1802,200,-2,-952,True,0,0
2000,1803,200,-3,-1428,True,0,0
2000,1804,200,-4,-1904,True,0,0
2000,1805,200,-5,-2380,True,0,0
2000,1806,200,-6,-2856,True,0,0
2000,1807,200,-7,-3332,True,0,0
2000,1808,200,-8,-3808,True,0,0
2000,1809,200,-9,-4284,True,0,0
2000,1810,200,-10,-4760,True,0,0
2000,1811,200,-11,-5236,True,0,0
2000,1812,200,-12,-5712,True,0,0
2000,1813,200,-13,-6188,True,0,0
2000,1814,200,-14,-6664,True,0,0
2000,1815,200,-15,-7140,True,0,0
2000,1816,200,-16,-7616,True,0,0
2000,1817,200,-17,-8092,True,0,0
2000,1818,200,-18,-8568,True,0,0
2000,1819,200,-19,-9044,True,0,0
2000,1820,200,-20,-9520,True,0,0
2000,1821,200,-21,-9996,True,0,0
2000,1822,200,-22,-10472,True,0,0
2000,1823,200,-23,-10948,True,0,0
2000,1824,200,-24,-11424,True,0,0
2000,1825,200,-25,-11900,True,0,0
2000,1826,200,-26,-12376,True,0,0
2000,1827,200,-27,-12852,True,0,0
2000,1828,200,-28,-13328,True,0,0
2000,1829,200,-29,-13804,True,0,0
2000,1830,200,-30,-14280,True,0,0
2000,1831,200,-31,-14756,True,0,0
2000,1832,200,-32,-15232,True,0,0
2000,1833,200,-33,-15708,True,0,0
2000,1834,200,-34,-16184,True,0,0
2000,1835,200,-35,-16660,True,0,0
2000,1836,200,-36,-17136,True,0,0
2000,1837,200,-37,-17612,True,0,0
2000,1838,200,-38,-18088,True,0,0
2000,1839,200,-39,-18564,True,0,0
2000,1840,200,-40,-19040,True,0,0
2000,1841,200,-41,-19516,True,0,0
2000,1842,200,-42,-19992,True,0,0
2000,1843,200,-43,-20468,True,0,0
2000,1844,200,-44,-20944,True,0,0
2000,1845,200,-45,-21420,True,0,0
2000,1846,200,-46,-21896,True,0,0
2000,1847,200,-47,-22372,True,0,0
2000,1848,200,-48,-22848,True,0,0
2000,1849,200,-49,-23324,True,0,0
2000,1850,200,-50,-23800,True,0,0
2000,1851,200,-51,-24276,True,0,0
2000,1852,200,-52,-24752,True,0,0
2000,1853,200,-53,-25228,True,0,0
2000,1854,200,-54,-25704,True,0,0
2000,1855,200,-55,-26180,True,0,0
2000,1856,200,-56,-26656,True,0,0
2000,1857,200,-57,-27132,True,0,0
2000,1858,200,-58,-27608,True,0,0
2000,1859,200,-59,-28084,True,0,0
2000,1860,200,-60,-28560,True,0,0
2000,1861,200,-61,-29036,True,0,0
2000,1862,200,-62,-29512,True,0,0
2000,1863,200,-63,-29988,True,0,0
2000,1864,200,-64,-30464,True,0,0
2000,1865,200,-65,-30940,True,0,0
2000,1866,200,-66,-31416,True,0,0
2000,1867,200,-67,-31892,True,0,0
2000,1868,200,-68,-32368,True,0,0
2000,1869,200,-69,-32844,True,0,0
2000,1870,200,-70,-33320,True,0,0
2000,1871,200,-71,-33796,True,0,0
2000,1872,200,-72,-34272,True,0,0
2000,1873,200,-73,-34748,True,0,0
2000,1874,200,-74,-35224,True,0,0
2000,1875,200,-75,-35700,True,0,0
2000,1876,200,-76,-36176,True,0,0
2000,1877,200,-77,-36652,True,0,0
2000,1878,200,-78,-37128,True,0,0
2000,1879,200,-79,-37604,True,0,0
2000,1880,200,-80,-38080,True,0,0
2000,1881,200,-81,-38556,True,0,0
2000,1882,200,-82,-39032,True,0,0
2000,1883,200,-83,-39508,True,0,0
2000,1884,200,-84,-39984,True,0,0
2000,1885,200,-85,-40460,True,0,0
2000,1886,200,-86,-40936,True,0,0
2000,1887,200,-87,-41412,True,0,0
2000,1888,200,-88,-41888,True,0,0
2000,1889,200,-89,-42364,True,0,0
2000,1890,200,-90,-42840,True,0,0
2000,1891,200,-91,-43316,True,0,0
2000,1892,200,-92,-43792,True,0,0
2000,1893,200,-93,-44268,True,0,0
2000,1894,200,-94,-44744,True,0,0
2000,1895,200,-95,-45220,True,0,0
2000,1896,200,-96,-45696,True,0,0
2000,1897,200,-97,-46172,True,0,0
2000,1898,200,-98,-46648,True,0,0
2000,1899,200,-99,-47124,True,0,0
2000,1900,200,-100,-47600,True,0,0
2000,1901,200,-101,-48076,True,0,0
2000,1902,200,-102,-48552,True,0,0
2000,1903,200,-103,-49028,True,0,0
2000,1904,200,-104,-49504,True,0,0
2000,1905,200,-105,-49980,True,0,0
2000,1906,200,-106,-50456,True,0,0
2000,1907,200,-107,-50932,True,0,0
2000,1908,200,-108,-51408,True,0,0
2000,1909,200,-109,-51884,True,0,0
2000,1910,200,-110,-52360,True,0,0
2000,1911,200,-111,-52836,True,0,0
2000,1912,200,-112,-53312,True,0,0
2000,1913,200,-113,-53788,True,0,0
2000,1914,200,-114,-54264,True,0,0
2000,1915,200,-115,-54740,True,0,0
2000,1916,200,-116,-55216,True,0,0
2000,1917,200,-117,-55692,True,0,0
2000,1918,200,-118,-56168,True,0,0
2000,1919,200,-119,-56644,True,0,0
2000,1920,200,-120,-57120,True,0,0
2000,1921,200,-121,-57596,True,0,0
2000,1922,200,-122,-58072,True,0,0
2000,1923,200,-123,-58548,True,0,0
2000,1924,200,-124,-59024,True,0,0
2000,1925,200,-125,-59500,True,0,0
2000,1926,200,-126,-59976,True,0,0
2000,1927,200,-127,-60452,True,0,0
2000,1928,200,-128,-60928,True,0,0
2000,1929,200,-129,-61404,True,0,0
2000,1930,200,-130,-61880,True,0,0
2000,1931,200,-131,-62356,True,0,0
2000,1932,200,-132,-62832,True,0,0
2000,1933,200,-133,-63308,True,0,0
2000,1934,200,-134,-63784,True,0,0
2000,1935,200,-135,-64260,True,0,0
2000,1936,200,-136,-64736,True,0,0
2000,1937,200,-137,-65212,True,0,0
2000,1938,200,-138,-65688,True,0,0
2000,1939,200,-139,-66164,True,0,0
2000,1940,200,-140,-66640,True,0,0
2000,1941,200,-141,-67116,True,0,0
2000,1942,200,-142,-67592,True,0,0
2000,1943,200,-143,-68068,True,0,0
2000,1944,200,-144,-68544,True,0,0
2000,1945,200,-145,-69020,True,0,0
2000,1946,200,-146,-69496,True,0,0
2000,1947,200,-147,-69972,True,0,0
2000,1948,200,-148,-70448,True,0,0
2000,1949,200,-149,-70924,True,0,0
2000,1950,200,-150,-71400,True,0,0
2000,1951,200,-151,-71876,True,0,0
2000,1952,200,-152,-72352,True,0,0
2000,1953,200,-153,-72828,True,0,0
2000,1954,200,-154,-73304,True,0,0
2000,1955,200,-155,-73780,True,0,0
2000,1956,200,-156,-74256,True,0,0
2000,1957,200,-157,-74732,True,0,0
2000,1958,200,-158,-75208,True,0,0
2000,1959,200,-159,-75684,True,0,0
2000,1960,200,-160,-76160,True,0,0
2000,1961,200,-161,-76636,True,0,0
2000,1962,200,-162,-77112,True,0,0
2000,1963,200,-163,-77588,True,0,0
2000,1964,200,-164,-78064,True,0,0
2000,1965,200,-165,-78540,True,0,0
2000,1966,200,-166,-79016,True,0,0
2000,1967,200,-167,-79492,True,0,0
2000,1968,200,-168,-79968,True,0,0
2000,1969,200,-169,-80444,True,0,0
2000,1970,200,-170,-80920,True,0,0
2000,1971,200,-171,-81396,True,0,0
2000,1972,200,-172,-81872,True,0,0
2000,1973,200,-173,-82348,True,0,0
2000,1974,200,-174,-82824,True,0,0
2000,1975,200,-175,-83300,True,0,0
2000,1976,200,-176,-83776,True,0,0
2000,1977,200,-177,-84252,True,0,0
2000,1978,200,-178,-84728,True,0,0
2000,1979,200,-179,-85204,True,0,0
2000,1980,200,-180,-85680,True,0,0
2000,1981,200,-181,-86156,True,0,0
2000,1982,200,-182,-86632,True,0,0
2000,1983,200,-183,-87108,True,0,0
2000,1984,200,-184,-87584,True,0,0
2000,1985,200,-185,-88060,True,0,0
2000,1986,200,-186,-88536,True,0,0
2000,1987,200,-187,-89012,True,0,0
2000,1988,200,-188,-89488,True,0,0
2000,1989,200,-189,-89964,True,0,0
2000,1990,200,-190,-90440,True,0,0
2000,1991,200,-191,-90916,True,0,0
2000,1992,200,-192,-91392,True,0,0
2000,1993,200,-193,-91868,True,0,0
2000,1994,200,-194,-92344,True,0,0
2000,1995,200,-195,-92820,True,0,0
2000,1996,200,-196,-93296,True,0,0
2000,1997,200,-197,-93772,True,0,0
2000,1998,200,-198,-94248,True,0,0
2000,1999,200,-199,-94724,True,0,0
2000,2000,200,-200,-95200,True,0,0
